동아시아사 1,이지영,사학과,핵심전공
고급재즈화성학 1,김지은,작곡과,핵심전공
주얼리디자인 1,신혜정,공예과,심화전공
세계 복식과 패션정보,이정명,교양학부,핵심교양
논리회로,이윤경,컴퓨터공학과,핵심전공
독일어작문연습,이재영,독일어문·문화학과,심화전공
전공실기 5,박노을,기악과,심화전공
창조적 사고와 글쓰기,이세경,교양학부,공통교양
바이오식품설계,윤현근,바이오식품공학과,심화전공
전공실기 1,박성진,기악과,핵심전공
중국현대문학강독,김수진,중국어문·문화학과,심화전공
민영보안 및 비즈니스활용론,최연준,융합보안공학과,심화전공
한국미술사 1,이보연,미술대학,핵심전공
초급중국어 회화 1,리우 나,중국어문·문화학과,핵심전공
건강체력측정평가실습,김영주,운동재활복지학과,심화전공
한국민주주의론,김용직,정치외교학과,심화전공
무기화학 1,김영희,화학과,심화전공
정보경험디자인스튜디오 1,신수민,산업디자인과,심화전공
관악합주 7,이요한,기악과,심화전공
보컬 1,전은혜,미디어영상연기학과,심화전공
패션포트폴리오,염미선,의류산업학과,심화전공
융합무용기초,전홍조,융합문화예술대학,핵심전공
전공실기 5,송준영,현대실용음악학과,심화전공
법률영어,김민주,법과대학,핵심전공
컬러 코디네이트 미학,강진미,뷰티산업학과,심화전공
현대회화 1,임상빈,서양화과,핵심전공
전공실기 7,임경원,기악과,심화전공
프랑스어,이명은,교양학부,진로소양
창업을 위한 법의 이해,이양복,창업교육팀,진로소양
뉴스 바로 보기,김진각,교양학부,핵심교양
창조적 사고와 글쓰기,이연승,교양학부,공통교양
통합도자공예실기 1,김시만,공예과,핵심전공
일반화학 Ⅰ,이향애,화학과,핵심교양
유전자 과학과 미래,유중기,교양학부,핵심교양
서양 시각예술론,이혜진,서양화과,심화전공
전공실기 5,황대남,기악과,심화전공
초급중국어 1,김수진,중국어문·문화학과,핵심전공
여성과 영문학,정혜연,영어영문학과,핵심전공
인권의 이해,올리버 테리,교양학부,핵심교양
일반화학실험 1,이은경,화학과,핵심전공
졸업작품연구 2,조병왕,서양화과,심화전공
인체표현,조병왕,미술대학,핵심전공
현대회화 3(구상),박영근,서양화과,심화전공
고급영양학,이승민,식품영양학과,핵심전공
ICT와 글로벌 비즈니스,구자원,글로벌비즈니스학과,심화전공
화학 교과교육론,김경순,화학과,심화전공
비판적 사고와 토론,박미란,교양학부,공통교양
헌법실무 1,정연주,법학과,심화전공
기초 통계학,엄인옥,통계학과,공통교양
전공실기 5,이인식,작곡과,심화전공
컴퓨터음악 1,조윤정,현대실용음악학과,핵심전공
기능성식품학,윤현근,바이오식품공학과,심화전공
융합과학개론,양인목,청정융합에너지공학과,핵심전공
졸업작품 및 논문 ,한지수,뷰티산업학과,심화전공
동물생리학,조세형,바이오생명공학과,심화전공
타이포그래피 1,양희재,산업디자인과,핵심전공
기초독일어회화 1,마누엘 보가드,독일어문·문화학과,핵심전공
현악합주 7,피호영,기악과,심화전공
인간관계와 의사소통,김덕진,간호학과,핵심전공
리더십,공평원,교양학부,진로소양
역사적 내러티브의 이해와 활용,오경환,사학과,핵심전공
초급영어 읽기와 쓰기,앨리슨 맥스웰,영어영문학과,핵심전공
대중 문화 예술 산책,윤상호,교양학부,핵심교양
소비자금융과 재무상담,이기연,소비자생활문화산업학과,심화전공
재현적표현 1,박성환,서양화과,핵심전공
학습메시지디자인,김명랑,교육학과,심화전공
과학 논리 및 논술,임완철,화학과,심화전공
창조적 사고와 글쓰기,김예니,교양학부,공통교양
중국 희곡의 이해,박홍준,중국어문·문화학과,심화전공
비판적 사고와 토론,신호재,교양학부,공통교양
개별연기실습,지춘성,미디어영상연기학과,심화전공
웹프로그래밍기초,이혜리,지식서비스공과대학,핵심전공
특수체육,임상훈,운동재활복지학과,심화전공
전공실기1,성기준,현대실용음악학과,핵심전공
의류산업과 소비자심리,김민정,의류산업학과,심화전공
현대동양화 1,하용주,동양화과,핵심전공
파이썬프로그래밍,조미영,지식서비스공과대학,공통교양
글로벌 비즈니스와 국제금융,이윤경,글로벌비즈니스학과,심화전공
중급중국어 회화 1,김화진,중국어문·문화학과,핵심전공
전공실기 7,이창원,현대실용음악학과,심화전공
웹보안실습,이일구,융합보안공학과,심화전공
전공실기 3,박지현,성악과,핵심전공
시창. 청음 1,이지민,현대실용음악학과,핵심전공
빅데이터통계분석,이성건,통계학과,심화전공
음악과 사회,변지연,작곡과,심화전공
인테리어디자인,윤현경,산업디자인과,심화전공
서양 음악의 이해,이혜진,교양학부,핵심교양
음악분석 1,설수경,작곡과,핵심전공
화장품과 피부,최서정,교양학부,핵심교양
바이오식품안전실험,현정은,바이오식품공학과,심화전공
졸업작품 및 논문 ,박초희,뷰티산업학과,심화전공
전공실기 5,남예지,현대실용음악학과,심화전공
공간정보학실무,정재준,지리학과,심화전공
윤리적 리더십,김오현,교양학부,핵심교양
전통복식 컨텐츠 기획,장민정,의류산업학과,심화전공
획과 여백 1,채효진,미술대학,핵심전공
노동경제학,박기성,경제학과,심화전공
프랑스 공연예술,김화영,프랑스어문·문화학과,핵심전공
미학의 이해,임성훈,교양학부,핵심교양
사회복지정책론,이승기,사회복지학과,핵심전공
포트폴리오 연구 1,이춘옥,서양화과,심화전공
전공실기 5,김주원,무용예술학과,심화전공
교육실습(유치원),미정,유아교육과,교직
가창곡작곡법 및 실습 1,김기연,작곡과,핵심전공
전공실기 5,박경희,성악과,심화전공
프랑스시와 예술,김병욱,프랑스어문·문화학과,심화전공
관현악법 1,이인식,작곡과,심화전공
공통 영어 스피치와 프레젠테이션 Ⅲ,니노슬라브 란제로빅,교양학부,공통교양
생태학의 이해,김상연,교양학부,핵심교양
전공실기 3,일리야 라쉬코프스키,기악과,핵심전공
창업과 법,임광섭,지식산업법학과,심화전공
가정 논리 및 논술,김선주,뷰티 생활산업국제대학,심화전공
컴퓨터ㆍ전자음악 1,조진옥,작곡과,핵심전공
단체급식 및 실습,고성희,식품영양학과,심화전공
통합금속공예실기 1,김종승,공예과,핵심전공
사회지리학,이원호,지리학과,핵심전공
초급일본어연습 1,다케우치 노리아키,일본어문·문화학과,핵심전공
타임베이스 그래픽,이진영,산업디자인과,핵심전공
전공실기 7,김도연,기악과,심화전공
독문학개론,한상희,독일어문·문화학과,핵심전공
문화콘텐츠 기반 공공외교,이형민,미디어커뮤니케이션학과,심화전공
전공실기 1,박의경,기악과,핵심전공
영화로 보는 영미 문화,마이클 엘리어트,교양학부,핵심교양
주얼리디자인기획 1,김송,공예과,심화전공
민사소송법 1,문기탁,지식산업법학과,심화전공
전공실기 5,강은경,작곡과,심화전공
전공실기 1,홍수연,기악과,핵심전공
학내연주 1,오윤주,기악과,핵심전공
전공실기1,김주현,현대실용음악학과,핵심전공
전공이론 및 악기(A) 7,이혜진,작곡과,심화전공
한국윤리사상,윤용남,윤리교육과,심화전공
전공별 진로 탐색,이정은,인재개발팀,진로소양
동∙서 철학의 만남,양선진,교양학부,핵심교양
주제로 읽는 명저 : 인문학,김륜옥,교양학부,핵심교양
생화학,김종일,바이오생명공학과,핵심전공
디자인패턴,홍의석,정보시스템공학과,심화전공
문화예술정책과 법,김진각,문화예술경영학과,심화전공
사회 논리 및 논술,송현정,사회교육과,심화전공
세계의 인구와 지리학,박선영,지리학과,핵심전공
이산수학,김형우,정보시스템공학과,핵심전공
창조적 사고와 글쓰기,방금단,교양학부,공통교양
현대 사회와 여성의 역할,임영빈,교양학부,핵심교양
글로벌 비즈니스를 위한 빅데이타 분석,박미,글로벌비즈니스학과,심화전공
서양 고전 읽기,김정숙,교양학부,핵심교양
포트폴리오 연구 1,임상빈,서양화과,심화전공
인체표현,이강유,미술대학,핵심전공
전공실기 3,김승현,기악과,핵심전공
전공실기 3,송준영,현대실용음악학과,핵심전공
초급 공간디자인실습,안민선,산업디자인과,핵심전공
한국회화 스튜디오1,이만수,동양화과,심화전공
정보ㆍ컴퓨터 교과교육론,장윤재,컴퓨터공학과,심화전공
유아교육연구,전홍주,유아교육과,심화전공
영상음악 1,정채웅,현대실용음악학과,심화전공
패턴디자인기초,정병헌,공예과,핵심전공
인적자원관리,정종태,경영학과,심화전공
전쟁과 평화,김백주,정치외교학과,심화전공
근.현대독일가곡,민숙연,성악과,심화전공
공통 드라마 영어,수잔 홀랜드,교양학부,공통교양
뉴스취재와 보도,이나연,미디어커뮤니케이션학과,심화전공
금속전공이론 1,현광훈,공예과,핵심전공
주얼리디자인기초 1,신혜정,공예과,핵심전공
전공실기 7,일리야 라쉬코프스키,기악과,심화전공
인턴십,임연섭,융합보안공학과,심화전공
디지털그래픽스,변혜원,정보시스템공학과,심화전공
유치원 교과교육론,전홍주,유아교육과,심화전공
현대대수학 1,신용수,수학과,심화전공
사회복지자료분석론,고선강,사회복지학과,심화전공
관악합주 3,이요한,기악과,핵심전공
전공실기 7,민유경,기악과,심화전공
한국어정보처리,김일환,국어국문학과,심화전공
전공실기 7,오미선,성악과,심화전공
단체급식관리,고성희,식품영양학과,심화전공
화장품 제조 및 실습,김주덕,뷰티산업학과,심화전공
소셜미디어와 스마트한 세상,미정,학사운영팀,일반교양
소비자안전,허경옥,소비자생활문화산업학과,핵심전공
전공실기 7,유예동,기악과,심화전공
공통 실용적 영어 글쓰기 Ⅰ,전연희,교양학부,공통교양
실내악 3,김도연,기악과,심화전공
이산수학,오장민,정보시스템공학과,핵심전공
아트패브릭1,이재선,공예과,심화전공
파워포인트와 엑셀,장현미,교양학부,진로소양
인체와 의복구성,김경희,의류산업학과,핵심전공
문화인류학으로 세상보기,김길웅,교양학부,핵심교양
국제통상법,권현호,지식산업법학과,심화전공
3D 일러스트레이션 ,하승아,뷰티산업학과,심화전공
전략 커뮤니케이션 개론,박진우,미디어커뮤니케이션학과,핵심전공
기업경제학,이현석,경영학과,핵심전공
배우 신체훈련 1,김선권,미디어영상연기학과,핵심전공
영어학개론,김경영,영어영문학과,핵심전공
전공실기 1,이인식,작곡과,핵심전공
전공실기1,이지연,현대실용음악학과,핵심전공
Developing Positive Mind,조나단 리스 팬톤,교양학부,핵심교양
기능성 식품 생리 기전학,나혜경,바이오식품공학과,심화전공
기초 통계학,권윤기,통계학과,공통교양
사회적기업의 이해,박노윤,경영학과,심화전공
공통 프랑스어,홍용철,교양학부,공통교양
시창.청음 1,정혜경,기악과,핵심전공
공통 일본어,유혜경,교양학부,공통교양
극장 경영,김종헌,문화예술경영학과,심화전공
통계적 사고,이성건,통계학과,핵심전공
볼링,정영남,교양학부,진로소양
패션디자인CAD 2,류한나,의류산업학과,심화전공
전공실기 5,오윤주,기악과,심화전공
비교교육학,김경회,교육학과,심화전공
컴퓨터시스템관리,김종완,컴퓨터공학과,핵심전공
전공실기 1,이영철,무용예술학과,핵심전공
전공실기 3,정나리,성악과,핵심전공
자바프로그래밍 응용,서만석,컴퓨터공학과,심화전공
전공실기 3,남예지,현대실용음악학과,핵심전공
British Culture and History,존 다니엘 맥카시,교양학부,공통교양
창조적 사고와 글쓰기,박근예,교양학부,공통교양
스마트센서응용 및 실습,김준철,정보시스템공학과,심화전공
전공실기 5,이상원,현대실용음악학과,심화전공
노인복지론,박현용,사회복지학과,핵심전공
우리 문화 속의 한자어,김용재,교양학부,핵심교양
악기수리법 1,이철희,기악과,심화전공
초급프랑스어 1,이선경,프랑스어문·문화학과,핵심전공
일본 문화의 이해,다케우치 노리아키,교양학부,핵심교양
전공실기 5,임경원,기악과,심화전공
디지털컨텐츠,신민아,지식서비스공과대학,핵심전공
기본간호학실습 1,나윤희,간호학과,핵심전공
전공실기 5,유수미,현대실용음악학과,심화전공
게임제작실습,변혜원,정보시스템공학과,심화전공
오페라워크샵 1,이혜영,성악과,심화전공
전공실기 7,송준영,현대실용음악학과,심화전공
3D디지털모델링 1,이슬범,공예과,핵심전공
지형학,김소희,지리학과,핵심전공
인물. 사건과 내러티브,이동원,인문과학대학,핵심전공
심리학개론,박주하,심리학과,핵심전공
요가지도법,육영숙,운동재활복지학과,핵심전공
음악형식 1,김한아,현대실용음악학과,핵심전공
국가브랜드의 의미와 이해,서경덕,교양학부,핵심교양
비판적 사고와 토론,최진호,교양학부,공통교양
세계 여성 연구,수잔 홀랜드,교양학부,핵심교양
모델링,김보라,미술대학,핵심전공
영화 예술 입문,박상우,교양학부,핵심교양
교육철학 및 교육사,심형진,교육학과,교직
전공별 진로 탐색,여지은,인재개발팀,진로소양
사용자경험디자인,김혜린,산업디자인과,심화전공
화장 심리학,김지은,뷰티산업학과,심화전공
미디어 영어 읽기와 토론,마이클 엘리어트,영어영문학과,심화전공
인터페이스디자인 1,신수민,산업디자인과,심화전공
유비쿼터스컴퓨팅,노현아,컴퓨터공학과,심화전공
전공실기 7,오윤주,기악과,심화전공
음악문화연구,계희승,작곡과,심화전공
미디어연구 스튜디오1,임장순,동양화과,심화전공
공통 독일어,김길웅,교양학부,공통교양
전공실기 7,이상원,현대실용음악학과,심화전공
공통 러시아어,이새봄,교양학부,공통교양
자기주도학습과 학습코칭,조윤정,교육학과,핵심전공
전공실기 5,일리야 라쉬코프스키,기악과,심화전공
프랑스어 번역의 실제,최희진,프랑스어문·문화학과,심화전공
무용워크샵트레이닝 1,정경화,무용예술학과,핵심전공
음악은 왜 치료적인가,강경선,교양학부,핵심교양
스트레칭,심유진,스포츠레저학과,심화전공
전공실기 1,이세영,기악과,핵심전공
관리회계,이석영,경영학과,핵심전공
인체와 의복구성,문윤경,의류산업학과,핵심전공
파이썬프로그래밍,이택,지식서비스공과대학,공통교양
합주실기 3,윤혜린,현대실용음악학과,심화전공
소비자 트렌드와 소비 문화,박배진,교양학부,핵심교양
한글 맞춤법과 국어 능력,정종수,교양학부,핵심교양
중급중국어 1,김은희,중국어문·문화학과,핵심전공
동요반주법 1,강보라,유아교육과,핵심전공
공통 실용적 영어 글쓰기 Ⅰ,메스 닐슨,교양학부,공통교양
법학개론,김나현,법과대학,핵심전공
미국과 민주주의,서현진,사회교육과,핵심전공
일반물리학 Ⅰ,유상구,화학과,핵심교양
기업가 정신과 E-Business전략,신철호,경영학과,핵심전공
노동법 1,최홍기,법학과,핵심전공
일반생물학 Ⅰ,권혜경,바이오생명공학과,핵심교양
독일어 듣기와 말하기1,마누엘 보가드,독일어문·문화학과,핵심전공
한국경제론,강석훈,경제학과,핵심전공
반주실습,이상희,기악과,핵심전공
이슬람 문화와 예술,미정,학사운영팀,일반교양
한국 문학 명작 감상,김혜련,교양학부,핵심교양
취업준비의정석과차별화,미정,학사운영팀,일반교양
문화 속 디자인여행,미정,학사운영팀,일반교양
트라우마와 사회복지 실천,박현용,사회복지학과,심화전공
생화학 1,박성순,화학과,핵심전공
전공실기 7,한아람,무용예술학과,심화전공
중국어 교과교육론,신준호,중국어문·문화학과,심화전공
운동역학,구본호,스포츠레저학과,심화전공
유아교육사상,권경숙,유아교육과,핵심전공
독일예술가곡,박경신,성악과,핵심전공
패션머천다이징,김민정,의류산업학과,핵심전공
패션마케팅,김해정,의류산업학과,핵심전공
세계 시민교육과 글로벌 리더십,올리버 테리,교양학부,핵심교양
바이오식품화학 1,윤현근,바이오식품공학과,심화전공
코퍼스영어학,정소우,영어영문학과,심화전공
뮤지컬 워크숍 1,김기연,작곡과,심화전공
패션디자인CAD 2,김덕하,의류산업학과,심화전공
공통 중국어,리우 나,교양학부,공통교양
전공실기 5,이재준,기악과,심화전공
시화강독,김여주,한문교육과,심화전공
동양 고전의 산책,김희영,교양학부,핵심교양
독일도시와 인문학,조수진,독일어문·문화학과,심화전공
공통 실용적 영어 글쓰기 Ⅰ,가이 프레이저 페티퍼,교양학부,공통교양
영유아발달,권정윤,유아교육과,핵심전공
관광지리학,이금숙,지리학과,핵심전공
비판적 사고와 토론,이지선,교양학부,공통교양
전공실기 1,정순섭,기악과,핵심전공
민주시민 가치교육론,문경호,윤리교육과,핵심전공
미시경제학,박기성,경제학과,핵심전공
북한학,조현행,교양학부,핵심교양
합주 3,이종진,기악과,핵심전공
금속표현연구 1,김종승,공예과,핵심전공
바람직한 인간관계를 위한 갈등 관리와 협상,김오현,교양학부,핵심교양
전공실기 3,임경원,기악과,핵심전공
화보 및 영상 메이크업,김현진,뷰티산업학과,심화전공
전공실기 3,이준,현대실용음악학과,핵심전공
기초통계학,엄인옥,통계학과,핵심전공
한문학개론,신영주,한문교육과,핵심전공
미적분과 벡터해석 기초,연미정,수학과,공통교양
응용 영어학,윤태진,영어영문학과,핵심전공
미디어 아트 1,이지숙,조소과,핵심전공
테니스,김현경,교양학부,진로소양
유통관리,변경희,경영학과,심화전공
면역학,송재민,글로벌의과학과,심화전공
대본 분석과 인물 창조1,박은형,미디어영상연기학과,심화전공
합주실기 3,김정범,현대실용음악학과,심화전공
현악합주 1,피호영,기악과,핵심전공
컴퓨터ㆍ전자음악 3,조진옥,작곡과,핵심전공
수치적 데이터 처리 1,김주홍,수학과,심화전공
도자리빙디자인 1,권성은,공예과,심화전공
전공실기 3,김도연,기악과,핵심전공
전공실기 1,피호영,기악과,핵심전공
임상약리학,양승애,간호학과,핵심전공
비즈니스모델링,이향은,서비스·디자인공학과,심화전공
일본 고전문법의 이해,김원기,일본어문·문화학과,심화전공
생활 속의 과학,김상태,교양학부,핵심교양
기초 수학,강병개,교양학부,핵심교양
타임베이스 그래픽,이자인,산업디자인과,핵심전공
근현대화성 1,윤규일,작곡과,핵심전공
공통 스페인어,조영실,교양학부,공통교양
3D프린팅,최인환,산업디자인과,심화전공
프랑스어 어휘와 문화,박혜선,프랑스어문·문화학과,심화전공
생명공학 진로와 전망,김성은,바이오생명공학과,핵심전공
삶과 죽음의 이해,임성훈,교양학부,핵심교양
소프트웨어융합기술개론,이일구,융합보안공학과,핵심전공
산문교육론,류준경,한문교육과,심화전공
마케팅원론,김종배,경영학과,핵심전공
전공이론 및 악기(B) 1,김선민,작곡과,핵심전공
헌법 3,정연주,법학과,핵심전공
상해예방 및 재활테이핑,하성희,운동재활복지학과,심화전공
고급일본어회화,네고로 유키,일본어문·문화학과,심화전공
현장드로잉1,김민호,동양화과,심화전공
학교상담과 생활지도,이다미,심리학과,심화전공
미술로 표현된 신체,임성훈,교양학부,핵심교양
고급회계,정균태,경영학과,심화전공
무용과 인간,유인화,교양학부,핵심교양
민사소송법 3,문기탁,법학과,심화전공
전공실기1,남예지,현대실용음악학과,핵심전공
국가안보론,조현행,교양학부,핵심교양
초급화성 및 이론 1,박지영,작곡과,핵심전공
타이포그래피 1,김장우,산업디자인과,핵심전공
조각의 이해,박기진,미술대학,핵심전공
환경·소재·에너지공학 실습 1,이형민,청정융합에너지공학과,심화전공
전공실기1,김주헌,현대실용음악학과,핵심전공
선형대수학 1,신용수,수학과,핵심전공
경영통계학,심선영,경영학과,핵심전공
유아사회교육,황인애,유아교육과,심화전공
음악매니지먼트 2,김도연,현대실용음악학과,심화전공
성격심리학,이상하,심리학과,핵심전공
프레젠테이션 전략,신형교,미디어커뮤니케이션학과,심화전공
전공실기 5,오미선,성악과,심화전공
학내연주 5,윤선영,성악과,심화전공
도시환경론,이자원,지리학과,심화전공
독일어 에세이와 프레젠테이션,마누엘 보가드,독일어문·문화학과,심화전공
영사법무학1,김현명,법과대학,심화전공
보전생물학,강혜순,바이오생명공학과,심화전공
전공실기 3,이인식,작곡과,핵심전공
생활 속의 법적 분쟁과 해결,이양복,교양학부,핵심교양
기초 영문법,최종갑,교양학부,진로소양
식품 물리화학,김종훈,바이오식품공학과,핵심전공
전공실기 5,임현수,기악과,심화전공
뉴미디어,임상빈,서양화과,심화전공
통계 패키지를 활용한 자료 분석,조영일,심리학과,심화전공
사회조사방법론,김정훈,통계학과,심화전공
여가문화산업,주영애,소비자생활문화산업학과,핵심전공
교직실무,권경숙,교육학과,교직
트레이닝방법론,이윤미,스포츠레저학과,핵심전공
전공실기 7,김창호,기악과,심화전공
데이터베이스설계,오장민,컴퓨터공학과,심화전공
마케팅원론,유경남,경영학과,핵심전공
뷰티마케팅 ,김행은,뷰티산업학과,심화전공
전공실기 7,이섬승,기악과,심화전공
전공실기 1,민숙연,성악과,핵심전공
웹프로그래밍기초,한세영,지식서비스공과대학,핵심전공
전공이론 및 악기(A) 7,이가영,작곡과,심화전공
탐색적 자료분석,차재형,통계학과,핵심전공
무용감상,김지윤,무용예술학과,심화전공
서양사 1- 고중세사,차승현,사학과,핵심전공
교육방법 및 교육공학,이은주,교육학과,교직
현대인의 질병과 영양,미정,학사운영팀,일반교양
타이포그래피 1,홍민아,산업디자인과,핵심전공
어패럴 메이킹,김미영,의류산업학과,핵심전공
통계분석 및 실습,허경옥,소비자생활문화산업학과,심화전공
미생물학,송재민,글로벌의과학과,심화전공
단막극제작실습 1,신동길,미디어영상연기학과,핵심전공
다변수미적분학 및 연습,윤기헌,수학과,핵심전공
사회사상사,황경숙,사회교육과,핵심전공
동물 행동학의 이해,신윤주,교양학부,핵심교양
문화와 일상으로 본 서양사,오경환,교양학부,핵심교양
동요반주법 3,강보라,유아교육과,핵심전공
채권법총론,김은아,법과대학,핵심전공
악기수리법 1,여우진,기악과,심화전공
기본간호학 1,김영주,간호학과,핵심전공
전공실기 1,김승현,기악과,핵심전공
패션머천다이징,이영주,의류산업학과,핵심전공
물리화학 1,이철우,화학과,핵심전공
정치와 윤리,김혜림,윤리교육과,핵심전공
졸업프로젝트,장민정,의류산업학과,심화전공
초급영어 읽기와 쓰기,마이클 엘리어트,영어영문학과,핵심전공
마케팅 어낼리틱스,이성근,경영학과,심화전공
전공실기 7,김상애,기악과,심화전공
현대사 세미나,홍문기,사학과,심화전공
상품개발 및 마케팅 1,한명호,공예과,심화전공
중국문학사 1,박홍준,중국어문·문화학과,핵심전공
국어 교과교육론,김혜련,국어국문학과,심화전공
화성 및 실습 1,김예진,작곡과,핵심전공
프랑스 역사와 문화,김혜중,프랑스어문·문화학과,심화전공
머신러닝을 위한 수학 ,김주홍,수학과,핵심전공
컴퓨터음악 3,조남준,현대실용음악학과,핵심전공
융합매체1,노신경,동양화과,심화전공
탁구,이시은,스포츠레저학과,핵심전공
관악합주 5,이요한,기악과,심화전공
English through Harry Potter,콜 헌트,교양학부,공통교양
생활문화지도실무,백주원,소비자생활문화산업학과,심화전공
마케팅조사론,김남희,경영학과,심화전공
교육심리,조윤정,교육학과,교직
경제사,박기주,경제학과,핵심전공
모두의 인공지능,미정,학사운영팀,일반교양
조리과학실험,표영희,식품영양학과,심화전공
통계프로그래밍,오찬욱,통계학과,핵심전공
바이오분석기기학,백영빈,바이오생명공학과,심화전공
비판적 사고와 토론,이연순,교양학부,공통교양
World News Analysis and Discourse,저스틴 벙커 버그,교양학부,진로소양
전공실기 1,오윤주,기악과,핵심전공
컴퓨터음악 1,조남준,현대실용음악학과,핵심전공
범죄수사절차법,이성기,지식산업법학과,심화전공
성인간호학 4,김애리,간호학과,심화전공
졸업작품 및 논문 ,이유나,뷰티산업학과,심화전공
공통 실용적 영어 글쓰기 Ⅰ,다릴 로스,교양학부,공통교양
조사연구법,박혜경,심리학과,심화전공
운동생리학,양윤권,스포츠레저학과,핵심전공
서화기초 1,임진성,동양화과,핵심전공
전공실기 5,민유경,기악과,심화전공
전공실기 1,이정은,성악과,핵심전공
경제생활의 헌법적 쟁점,전인규,지식산업법학과,심화전공
전공실기 7,김범진,성악과,심화전공
전공이론 및 악기(A) 1,이혜진,작곡과,핵심전공
English through Harry Potter,파밀라 플로레아,교양학부,공통교양
움직임과 표현 1,임영희,무용예술학과,핵심전공
패턴제작 및 구성,윤지원,의류산업학과,핵심전공
복소함수론,강병개,수학과,심화전공
현대회화 3(추상),이준형,서양화과,심화전공
초급중국어 1,김은희,중국어문·문화학과,핵심전공
데이터 기반 PR 기획,이형민,미디어커뮤니케이션학과,심화전공
전공실기 3,이섬승,기악과,핵심전공
전공실기 3,박의경,기악과,핵심전공
교육철학 및 교육사,신현덕,교육학과,교직
객체지향설계,이혜리,정보시스템공학과,심화전공
교육과정개발,김종훈,교육학과,심화전공
색채와 표현1,이동환,동양화과,심화전공
악기론 1,김지현,작곡과,핵심전공
경영수학,이현석,경영학과,핵심전공
글로벌 마켓 통계 분석,이윤경,글로벌비즈니스학과,핵심전공
디자인미학,장연정,산업디자인과,심화전공
International Seminar: Korean and Global Affairs,김장욱,국제교류지원팀,진로소양
현대조각 1,노주환,조소과,심화전공
지역의 이해,이진일,사학과,핵심전공
노인간호학,천주영,간호학과,심화전공
관악합주 1,이요한,기악과,핵심전공
텍스타일디자인프로세스 1,정병헌,공예과,핵심전공
교육행정 및 교육경영,김경회,교육학과,교직
중급중국어 회화 1,김수진,중국어문·문화학과,핵심전공
공통 개인정보보호와 보안윤리,장현미,교양학부,공통교양
조직 리더십,이성희,학생군사교육단,진로소양
현대판화 3,장서우,서양화과,심화전공
문화산업비즈니스와 고객만족,최배영,소비자생활문화산업학과,심화전공
서양근세미술과 문화,이혜진,서양화과,핵심전공
British Culture and History,제이미 잭슨,교양학부,공통교양
텍스타일프로덕트디자인 1,문보영,공예과,심화전공
다성음악 1 ,김수호,작곡과,핵심전공
마케팅원론,이중원,문화예술경영학과,핵심전공
전공실기 3,피호영,기악과,핵심전공
전공실기 3,박성진,기악과,핵심전공
시창.청음 3,성혜진,성악과,핵심전공
비판적 사고와 토론,허찬,교양학부,공통교양
고급세무회계,이중세,경영학과,심화전공
생물통계학,최상철,바이오생명공학과,심화전공
한자문화권의 이해,김용재,한문교육과,핵심전공
시스템프로그래밍,심광섭,컴퓨터공학과,심화전공
동아시아의 역사와 문화,이완석,교양학부,핵심교양
융합무용기초,최혜경,융합문화예술대학,핵심전공
웹보안실습,임연섭,융합보안공학과,심화전공
인체와 의복구성,박은주,의류산업학과,핵심전공
가족상담,차민정,심리학과,심화전공
식품소재 효능 평가실험,나혜경,바이오식품공학과,심화전공
클래스피아노 1,오미선,성악과,핵심전공
분석화학 1,김정수,화학과,핵심전공
소셜 미디어 시대의 인터넷 활용,미정,학사운영팀,일반교양
생애발달,진경선,심리학과,핵심전공
창업계획의 이론과 실제,차용욱,글로벌비즈니스학과,심화전공
졸업작품연구 1,임상빈,서양화과,심화전공
법과 사회,이경선,사회교육과,핵심전공
교수설계,김은진,교육학과,심화전공
기본간호학실습 1,송효빈,간호학과,핵심전공
패턴 CAD,김미영,의류산업학과,심화전공
합창 3,김범진,성악과,핵심전공
자원순환공학,홍현선,청정융합에너지공학과,심화전공
술 문화의 이해,미정,학사운영팀,일반교양
니트디자인프로세스,문보영,공예과,심화전공
전공실기 5,안미현,기악과,심화전공
미적분학 및 연습 1,조명원,글로벌의과학과,핵심전공
캡스톤디자인과 창업,오태경,산업디자인과,심화전공
비교문화 커뮤니케이션 경영론,박대범,글로벌비즈니스학과,핵심전공
전공실기 7,이재완,기악과,심화전공
주식회사법,박한성,법학과,심화전공
수리통계학 1,박만식,통계학과,핵심전공
비판적 사고와 토론,주민재,교양학부,공통교양
전공실기 5,김주헌,현대실용음악학과,심화전공
골프 1,임우택,스포츠레저학과,심화전공
경영경제 자료분석,엄인옥,통계학과,심화전공
전공실기 7,이세영,기악과,심화전공
서양음악사 및 문헌 1,이혜진,기악과,핵심전공
알고리즘분석,박종수,정보시스템공학과,심화전공
제품서비스디자인,김용환,산업디자인과,심화전공
전공실기 5,성해린,기악과,심화전공
프랑스언어학입문 1,박혜선,프랑스어문·문화학과,심화전공
이상심리학,김명선,심리학과,심화전공
전공실기 7,안미현,기악과,심화전공
공중보건과 위생,조선영,뷰티산업학과,핵심전공
표현예술치료1,전홍조,무용예술학과,심화전공
전공실기 3,김세희,기악과,핵심전공
한문 교과교육론,정효영,한문교육과,심화전공
전기화학,송영신,청정융합에너지공학과,심화전공
TV드라마 연기실습 1,손보민,미디어영상연기학과,심화전공
정보보호아키텍처,임연섭,융합보안공학과,심화전공
전공 실무영어,앤드리아 톨레프슨,뷰티산업학과,핵심전공
브랜딩1,장혜진,산업디자인과,심화전공
전공실기 5,김범진,성악과,심화전공
미적분과 벡터해석 기초,정해남,수학과,공통교양
당시와 여성,노은정,중국어문·문화학과,핵심전공
도자리빙디자인기초 1,정소영,공예과,핵심전공
수학사,정해남,수학과,심화전공
세계 문화유산으로 보는 한국의 역사와 문화,강호선,교양학부,핵심교양
스토리텔링디자인,김민석,산업디자인과,심화전공
기초화학,이향애,화학과,핵심전공
국어학의 이해,김일환,국어국문학과,핵심전공
전공실기 5,설수경,작곡과,심화전공
무대연출론,김수정,문화예술경영학과,심화전공
졸업작품연구 1,이춘옥,서양화과,심화전공
교육실습(영양),미정,식품영양학과,교직
정신간호학실습 2,정명실,간호학과,심화전공
러시아어,남서영,교양학부,진로소양
성악 세미나 1,오미선,성악과,핵심전공
공통 영어 스피치와 프레젠테이션 Ⅱ,콜 헌트,교양학부,공통교양
형법연습,조영석,법학과,심화전공
테마로 보는 전통문화,조순자,교양학부,핵심교양
공통 세계 단편 소설,존 다니엘 맥카시,교양학부,공통교양
전공실기 5,박경신,성악과,심화전공
일반생물학실험 1,김성민,바이오생명공학과,핵심전공
패턴 CAD,김선영,의류산업학과,심화전공
전공이론 및 악기(B) 1,김명선,작곡과,핵심전공
일반화학 1,김정수,화학과,핵심전공
석조기법 1,김병규,조소과,핵심전공
유아동작교육,이사임,유아교육과,심화전공
이상심리학,서수연,심리학과,심화전공
창작실내악 1,홍수연,기악과,심화전공
범죄와범죄심리,미정,학사운영팀,일반교양
공통 글로벌 뉴스와 이슈,저스틴 벙커 버그,교양학부,공통교양
국어문법론,김일환,국어국문학과,핵심전공
현대판화 1,장성숙,서양화과,핵심전공
인체표현,박영근,미술대학,핵심전공
학내연주 5,오윤주,기악과,심화전공
문화와 비평,강진호,국어국문학과,심화전공
전공실기 5,이수아,기악과,심화전공
전공실기 5,홍수연,기악과,심화전공
문학과 문화리터러시,김준현,인문과학대학,심화전공
전공 실무중국어,PIAO AIHUA,뷰티산업학과,핵심전공
독일 미디어와 언어,국지연,독일어문·문화학과,심화전공
사료 읽기와 해석,나종현,사학과,핵심전공
면역학,강창수,바이오생명공학과,심화전공
음악분석 1,정영빈,기악과,심화전공
전공실기 3,성해린,기악과,핵심전공
텍스타일드로잉,이재선,공예과,핵심전공
전공실기 5,박지현,성악과,심화전공
시사 문제와 법,김봉수,법학과,심화전공
졸업프로젝트,염미선,의류산업학과,심화전공
무용지도법 1,김미숙,무용예술학과,심화전공
재료기법 1,김원근,조소과,심화전공
전공실기1,임경은,현대실용음악학과,핵심전공
생활 도예,강인경,교양학부,진로소양
문학과 함께 하는 인성,김정숙,교양학부,핵심교양
공통 프랑스어,황원미,교양학부,공통교양
도시교통-토지이용론,박소현,지리학과,심화전공
의료법,김나경,법학과,심화전공
전공실기 1,인수연,성악과,핵심전공
전공실기 1,김상애,기악과,핵심전공
민사소송법 1,문기탁,법학과,심화전공
전공실기 3,정재원,기악과,핵심전공
졸업작품연구 3,김정연,서양화과,심화전공
정치학개론,설규상,정치외교학과,핵심전공
공통 스마트 IT 기술의 현재와 미래,장현미,교양학부,공통교양
가곡앙상블,박경희,성악과,심화전공
경서강독,김용재,한문교육과,핵심전공
공연워크샵 1,김정훈,미디어영상연기학과,심화전공
전공실기 1,최고은,기악과,핵심전공
유아교사론,김은희,유아교육과,심화전공
건강사정실습,임경춘,간호학과,핵심전공
내러티브 졸업세미나 1,김정숙,인문과학대학,심화전공
뉴스포츠,최재희,스포츠레저학과,심화전공
전공실기 7,박노을,기악과,심화전공
공통 서구 문화의 이해,다릴 로스,교양학부,공통교양
전공실기 3,민숙연,성악과,핵심전공
비판적 사고와 토론,강소영,교양학부,공통교양
웹정보검색,심광섭,컴퓨터공학과,심화전공
생활 속의 의학정보,유하정,교양학부,핵심교양
현대인의 여가 문화,김우정,교양학부,핵심교양
개인정보보호와 인터넷윤리,김경진,융합보안공학과,핵심전공
산학 협동 인턴십,미정,인재개발팀,진로소양
전공실기 3,민유경,기악과,핵심전공
자기이해 및 사회교육 진로탐색,조대훈,사회교육과,핵심전공
컴퓨터음악 1,강경한,현대실용음악학과,핵심전공
졸업프로젝트,손혜승,의류산업학과,심화전공
창작연주 3,이인식,작곡과,핵심전공
마케팅 리서치 컨텐츠 기획,김가현,의류산업학과,심화전공
학내연주 3,이신애,성악과,핵심전공
과학기술사,김준식,교양학부,핵심교양
전공실기 5,심영주,현대실용음악학과,심화전공
글로벌 비즈니스를 위한 경제학,이윤경,글로벌비즈니스학과,핵심전공
전공실기 7,박지현,성악과,심화전공
역사지리학,양윤정,지리학과,핵심전공
생화학실험,박성순,화학과,심화전공
객체지향프로그래밍,김설현,컴퓨터공학과,핵심전공
운동재활개론 ,김영주,운동재활복지학과,핵심전공
냉전사의 이해,이동원,사학과,심화전공
전공실기 5,어수희,기악과,심화전공
인텔리전스 서비스디자인,김현석,서비스·디자인공학과,심화전공
악기론 3,김지현,작곡과,핵심전공
디지털세라믹프로세스1,박태성,공예과,심화전공
전공실기 7,이응우,기악과,심화전공
스포츠 마케팅 사례연구,정영남,스포츠레저학과,심화전공
전공이론 및 악기(A) 5,강용식,작곡과,심화전공
전공실기 3,성재형,무용예술학과,핵심전공
현대회화 3(추상),이춘옥,서양화과,심화전공
전공실기 7,김정범,현대실용음악학과,심화전공
전공실기 5,김정범,현대실용음악학과,심화전공
여성 리더십과 커뮤니케이션,김오현,교양학부,진로소양
브랜딩1,송호성,산업디자인과,심화전공
전공실기 1,강희선,기악과,핵심전공
전공실기 7,강은경,작곡과,심화전공
마케팅커뮤니케이션 효과론,이민규,미디어커뮤니케이션학과,핵심전공
식품미생물학실험,현정은,식품영양학과,핵심전공
산업심리학,조영일,심리학과,심화전공
웰니스 요가,육영숙,교양학부,진로소양
기초연기실습 1,김혜진,미디어영상연기학과,핵심전공
급식경영 및 인사관리,고성희,식품영양학과,핵심전공
식품화학,표영희,식품영양학과,핵심전공
융합무용기초,김미숙,융합문화예술대학,핵심전공
성장과 발달,김동희,간호학과,핵심전공
오페라의 이해,오유석,교양학부,핵심교양
산학협력인턴십 1,양인목,청정융합에너지공학과,심화전공
전공실기 7,강희선,기악과,심화전공
지구에서 만나 살아가는 남자와 여자,미정,학사운영팀,일반교양
국제정치사상,유나영,정치외교학과,심화전공
도자표현연구 1,김시만,공예과,핵심전공
영미단편,정이화,영어영문학과,핵심전공
지역사회간호학 1,조정민,간호학과,심화전공
모델링,김성복,미술대학,핵심전공
투자론,정미화,경영학과,심화전공
보험수리학개론,김주홍,수학과,핵심전공
게임 활용 경제교육,박형준,사회교육과,심화전공
젠더로 보는 사회,임영빈,교양학부,핵심교양
글로벌 비즈니스 전략과 뷰티산업,구자원,글로벌비즈니스학과,심화전공
볼링 1,정영남,스포츠레저학과,핵심전공
전공실기 3,윤유진,기악과,핵심전공
창조적 사고와 글쓰기,장예준,교양학부,공통교양
전공실기 3,인수연,성악과,핵심전공
자기 이해와 진로탐색,이정은,인재개발팀,진로소양
음악코칭,박승유,성악과,심화전공
졸업작품연구 3,박영근,서양화과,심화전공
Global Communication through Food Travel & Culture,마타 라카누이,교양학부,공통교양
창조적 사고와 글쓰기,오윤정,교양학부,공통교양
주제로 읽는 명저 : 문화예술,조형빈,교양학부,핵심교양
전공실기 1,설수경,작곡과,핵심전공
전공실기 7,이지민,현대실용음악학과,심화전공
시민교육론,김혜수,윤리교육과,심화전공
대중문화와 문화연구,함성주,미디어커뮤니케이션학과,심화전공
산업디자인개론,최인환,산업디자인과,핵심전공
전공실기 5,이화경,기악과,심화전공
프랑스어 어법과 연습 1,이선경,프랑스어문·문화학과,핵심전공
서울의 경관과 문화유산,문상명,지리학과,심화전공
취업정보 분석 및 입사전략,김치성,인재개발팀,진로소양
디지털이미징 1,박한진,산업디자인과,심화전공
전공실기 3,윤혜린,현대실용음악학과,핵심전공
사회심리학,박혜경,심리학과,핵심전공
라이프스타일과 트렌드,이향은,서비스·디자인공학과,핵심전공
음악치료학,강경선,작곡과,핵심전공
중국현대문학과 문화,김수진,중국어문·문화학과,심화전공
비판적 사고와 토론,김지윤,교양학부,공통교양
성악문헌 1,김문희,성악과,심화전공
헤어디자인,이정림,뷰티산업학과,심화전공
모바일서비스디자인,김현석,서비스·디자인공학과,핵심전공
초급중국어 1,김경림,중국어문·문화학과,핵심전공
한국사 입문,전세영,교양학부,핵심교양
전통윤리,윤용남,윤리교육과,핵심전공
언어의 표현과 이해 Ⅱ,주월랑,국제교류지원팀,진로소양
전공실기 1,윤서우,기악과,핵심전공
악성코드분석실습,이동은,융합보안공학과,심화전공
현대드로잉 1,안중경,서양화과,핵심전공
전공실기 1,이준성,기악과,핵심전공
전공실기 1,정나리,성악과,핵심전공
서양음악사 및 문헌 3,이혜진,기악과,핵심전공
영화로배우는서양여성사,미정,학사운영팀,일반교양
미국외교정책,유나영,정치외교학과,핵심전공
전공실기 5,성기준,현대실용음악학과,심화전공
현대회화 3(복합매체),이춘옥,서양화과,심화전공
재료과학과 공학 1,홍현선,청정융합에너지공학과,핵심전공
빅데이터의 이해와 활용,이성건,교양학부,핵심교양
전공실기 3,임현수,기악과,핵심전공
전공실기1,송준영,현대실용음악학과,핵심전공
정신건강론,조윤주,사회복지학과,심화전공
졸업작품연구 2,박영근,서양화과,심화전공
운동과 발육발달,육영숙,운동재활복지학과,핵심전공
스포츠레저현장실습,양윤권,스포츠레저학과,심화전공
전공실기 7,최경란,무용예술학과,심화전공
공통 실용적 영어 글쓰기 Ⅱ,올리버 테리,교양학부,공통교양
보육실습,황인애,유아교육과,심화전공
상법총론,김한종,법학과,핵심전공
디지털써피스디자인 1,이슬아,공예과,심화전공
호흡/발성 1,김혜진,미디어영상연기학과,핵심전공
무용워크샵트레이닝 1,유지연,무용예술학과,핵심전공
병리학,전나미,간호학과,핵심전공
비판적 사고와 토론,강희경,교양학부,공통교양
움직임과 표현 1,최혜경,무용예술학과,핵심전공
자료구조,장재경,컴퓨터공학과,핵심전공
획과 여백 1,김선영,미술대학,핵심전공
정치학 고전의 이해,윤종성,교양학부,핵심교양
전공실기 5,이지연,현대실용음악학과,심화전공
뷰티 창업론,한태수,창업교육팀,진로소양
전공실기 7,이동곤,기악과,심화전공
모발과학,박초희,뷰티산업학과,핵심전공
공간디자인스튜디오 1,장기윤,산업디자인과,심화전공
공통 실용적 영어 글쓰기 Ⅲ,니노슬라브 란제로빅,교양학부,공통교양
합창 7,김범진,성악과,심화전공
교육행정 및 교육경영,임성연,교육학과,교직
경력개발과 코칭,조지연,심리학과,심화전공
컴퓨터음악 3,고남수,현대실용음악학과,핵심전공
영상음악 1,윤수진,현대실용음악학과,심화전공
가정 교과교육론,이신애,뷰티 생활산업국제대학,심화전공
외국어 교과교육론(서양권),정지영,영어영문학과,심화전공
IT개론,이재원,정보시스템공학과,핵심전공
채색화기초1,최익진,동양화과,핵심전공
대중예술 트렌드 세미나,김진각,문화예술경영학과,심화전공
중급프랑스어 1,홍용철,프랑스어문·문화학과,핵심전공
창조적 사고와 글쓰기,신희경,교양학부,공통교양
통합금속공예실기 1,김송,공예과,핵심전공
전공실기 3,정이령,현대실용음악학과,핵심전공
전공실기 7,황대남,기악과,심화전공
전공실기 1,안미현,기악과,핵심전공
체형관리에스테틱 ,박초희,뷰티산업학과,핵심전공
무용지도법 1,성재형,무용예술학과,심화전공
공통 영어 스피치와 프레젠테이션 Ⅱ,저스틴 벙커 버그,교양학부,공통교양
글로벌 기업의 인사 조직 관리,구자원,글로벌비즈니스학과,핵심전공
중급 중국어,신준호,교양학부,진로소양
시창.청음 3,김지현,기악과,핵심전공
운동과 건강,권보하,스포츠레저학과,핵심전공
UX 프로토타이핑,홍기형,서비스·디자인공학과,핵심전공
사회복지조사론,고선강,사회복지학과,핵심전공
현대동양화3,손문일,동양화과,심화전공
공통 영어 스피치와 프레젠테이션 Ⅱ,조나단 리스 팬톤,교양학부,공통교양
정보보호경영시스템개론,이택,융합보안공학과,핵심전공
창조적 사고와 글쓰기,김태웅,교양학부,공통교양
미생물학,정명실,간호학과,핵심전공
전공실기 5,임현경,작곡과,심화전공
일본어 기초표현 1,김옥임,일본어문·문화학과,핵심전공
건강심리학,서수연,심리학과,심화전공
유아 및 노인체육,김은정,스포츠레저학과,핵심전공
공통 실용적 영어 글쓰기 Ⅱ,스티븐 파이겐바움,교양학부,공통교양
사회 공헌 활동의 이해와 전망,서경덕,교양학부,핵심교양
일본의 이해,박일호,일본어문·문화학과,핵심전공
전공실기 1,김도연,기악과,핵심전공
전공실기 3,홍수연,기악과,핵심전공
전공실기 7,윤혜린,현대실용음악학과,심화전공
피아노워크숍 1,최수빈,기악과,심화전공
전공실기 3,김주원,무용예술학과,핵심전공
현대정치사회이론,김용직,정치외교학과,핵심전공
졸업작품워크숍 1,권호영,미디어영상연기학과,심화전공
전공실기 3,이지연,현대실용음악학과,핵심전공
전공실기 5,임경은,현대실용음악학과,심화전공
전공실기 3,강은경,작곡과,핵심전공
북미권 예술 문화와 여성,앤드리아 톨레프슨,교양학부,공통교양
전공실기 3,이준성,기악과,핵심전공
한국한문학사,손유경,한문교육과,핵심전공
창조적 사고와 글쓰기,구선정,교양학부,공통교양
보육과정,황인애,유아교육과,핵심전공
과학기술 사회의 생명윤리,김율리,교양학부,핵심교양
해양스포츠 1,정영남,스포츠레저학과,핵심전공
음반프로덕션,정철,현대실용음악학과,심화전공
한국사회 윤리문제와 도덕교육,이두연,윤리교육과,핵심전공
미적분과 벡터해석 기초,심성아,수학과,공통교양
근관절 기능해부학,김영주,운동재활복지학과,핵심전공
수영,이수정,스포츠레저학과,핵심전공
사례로보는WTO와무역마찰의이해,미정,학사운영팀,일반교양
공통 영어 스피치와 프레젠테이션 Ⅰ,메스 닐슨,교양학부,공통교양
음악학,권오연,작곡과,심화전공
민법총칙,김봉수,법과대학,핵심전공
필라테스자세교정 1,전홍조,무용예술학과,핵심전공
공통 글로벌 뉴스와 이슈,올리버 테리,교양학부,공통교양
국제기업법 실무,이상기,글로벌비즈니스학과,심화전공
일반사회 교과교육론,조대훈,사회교육과,심화전공
미디어 데이터 분석,김호성,미디어커뮤니케이션학과,핵심전공
전공이론 및 악기(A) 3,이가영,작곡과,핵심전공
입체와 공간,배성미,미술대학,핵심전공
역사 속의 불교사상과 문화,박영제,사학과,심화전공
전공실기 3,우미진,현대실용음악학과,핵심전공
승마,이금주,스포츠레저학과,핵심전공
전공실기 5,김승현,기악과,심화전공
전공실기 7,이준,현대실용음악학과,심화전공
교육행정 및 교육경영,김상규,교육학과,교직
국악개론 및 실습,문현,기악과,심화전공
직무 적성검사 분석,이동원,인재개발팀,진로소양
일본어 중급표현 1,안평호,일본어문·문화학과,핵심전공
공통 사회 심리의 이해,조나단 리스 팬톤,교양학부,공통교양
특수소재와 봉제,윤지원,의류산업학과,심화전공
테이블웨어프로젝트 1,김윤지,공예과,심화전공
뷰티산업의 진로와 전망 ,김민경,뷰티산업학과,핵심전공
패션컬러기획,박좌용,공예과,심화전공
기초 통계학,김계완,통계학과,공통교양
회계원리,이석영,경영학과,핵심전공
학교 안전∙건강교육의 이론과 실습,한종극,사범대학,핵심전공
경영학 개론,이석영,교양학부,핵심교양
GIS응용,정재준,지리학과,심화전공
전공실기 3,공영숙,성악과,핵심전공
한국 문화의 이해,황혜란,국제교류지원팀,진로소양
비즈니스 일본어와 프레젠테이션,김옥임,일본어문·문화학과,심화전공
마케팅커뮤니케이션캠페인,신형교,미디어커뮤니케이션학과,심화전공
산업디자인개론,구상,산업디자인과,핵심전공
산업금속프로세스 1,이재익,공예과,심화전공
창조적 사고와 글쓰기,김수연,교양학부,공통교양
정보보호법률 및 표준의 이해,이일구,융합보안공학과,핵심전공
졸업작품워크숍 1,김혜진,미디어영상연기학과,심화전공
패션 스튜디오,염미선,교양학부,핵심교양
시각디자인 1,이은영,산업디자인과,핵심전공
America in American Novels,버논에드워드마이어,교양학부,핵심교양
파이썬프로그래밍,김호성,지식서비스공과대학,공통교양
전공실기 3,김주헌,현대실용음악학과,핵심전공
정보시스템 캡스톤디자인,정영희,정보시스템공학과,심화전공
2D디지털그래픽 1,조희은,공예과,핵심전공
한국근현대동양화 이론과 현장,이보연,동양화과,심화전공
현대수묵화연구1,권순영,동양화과,핵심전공
여성 리더십과 커뮤니케이션,박홍석,교양학부,진로소양
컴퓨터생물학개론,최상철,바이오생명공학과,핵심전공
유아과학교육,황윤정,유아교육과,핵심전공
전공실기 5,권혜진,기악과,심화전공
국제비즈니스협상론,박미,글로벌비즈니스학과,심화전공
합창지휘 1,박승유,성악과,심화전공
일본정치론,한의석,정치외교학과,핵심전공
서비스디자인스튜디오,강효진,서비스·디자인공학과,심화전공
컴퓨터네트워크 및 실습,이종빈,컴퓨터공학과,심화전공
패션디자인과 구성,염미선,의류산업학과,심화전공
전공이론 및 악기(A) 5,이혜진,작곡과,심화전공
실험연구법,조영일,심리학과,핵심전공
성인간호학 1,양승애,간호학과,핵심전공
기초한문 1,손유경,한문교육과,핵심전공
전공실기 5,유예동,기악과,심화전공
전공실기 1,허상미,기악과,핵심전공
실내악 1,홍수연,기악과,핵심전공
수학 교과교육론,정해남,수학과,심화전공
교사론,김종훈,교육학과,심화전공
초급 공간디자인실습,장기윤,산업디자인과,핵심전공
문화도시와 역사도시의 이해,서경덕,교양학부,핵심교양
레코딩실습 1,채준기,현대실용음악학과,심화전공
소비자학,노영래,소비자생활문화산업학과,핵심전공
파이썬프로그래밍,윤상덕,지식서비스공과대학,공통교양
현대판화 1,신현희,서양화과,핵심전공
시각디자인스튜디오 1,장혜진,산업디자인과,심화전공
공통 영어 스피치와 프레젠테이션 Ⅰ,수잔 홀랜드,교양학부,공통교양
자존감 수업,조주희,교양학부,핵심교양
가계경제와 시장,구지연,소비자생활문화산업학과,핵심전공
전공실기1,신형찬,현대실용음악학과,핵심전공
무용예술,김미숙,무용예술학과,핵심전공
안무즉흥,양주희,무용예술학과,심화전공
R통계분석,김영훈,통계학과,핵심전공
일본어,네고로 유키,교양학부,진로소양
발레: 융합문화예술의 실제,김주원,교양학부,핵심교양
학내연주 1,윤선영,성악과,핵심전공
시창.청음 1,강은경,작곡과,핵심전공
커뮤니케이션디자인 프로젝트,김형우,산업디자인과,심화전공
공통 성경 속의 영문학,버논에드워드마이어,교양학부,공통교양
오픈소스 SW 활용,이화주,교양학부,공통교양
어패럴 메이킹,문윤경,의류산업학과,핵심전공
전공실기 3,이동곤,기악과,핵심전공
고용관계법,권오성,지식산업법학과,핵심전공
현대시특강,박민영,국어국문학과,핵심전공
획과 여백 1,홍지윤,미술대학,핵심전공
전공실기 1,성재형,무용예술학과,핵심전공
이노베이티브매니지먼트,이향은,서비스·디자인공학과,심화전공
신경심리학,김명선,심리학과,심화전공
전공실기 5,이민선,무용예술학과,심화전공
일반생물학 Ⅰ,윤진호,바이오생명공학과,핵심교양
운동처방,백승희,스포츠레저학과,심화전공
법으로 풀어보는 글로벌 문화,손성기,교양학부,핵심교양
기본간호학실습 1,김영주,간호학과,핵심전공
회귀분석실습,이성건,통계학과,심화전공
색채와 표현1,이만수,동양화과,심화전공
전공실기 5,김도연,기악과,심화전공
골프,박경연,교양학부,진로소양
공통 실용적 영어 글쓰기 Ⅱ,파밀라 플로레아,교양학부,공통교양
조직행동론,이정은,경영학과,핵심전공
UCC 제작. 편집 및 활용,미정,학사운영팀,일반교양
비판적 사고와 토론,김종규,교양학부,공통교양
산업복지론,조윤주,사회복지학과,심화전공
전공실기 7,신기남,현대실용음악학과,심화전공
현대회화 1,최병진,서양화과,핵심전공
스포츠경영학,정영남,스포츠레저학과,심화전공
아트주얼리 1,신혜정,공예과,심화전공
근대성의 이해,오경환,사학과,심화전공
고전문학과 전통문화 ,강혜선,국어국문학과,핵심전공
지리 교과교육론,박민영,지리학과,심화전공
전공실기 5,신형찬,현대실용음악학과,심화전공
창조적 사고와 글쓰기,장혜련,교양학부,공통교양
놀이지도,정효진,유아교육과,핵심전공
독일소설 읽기,김륜옥,독일어문·문화학과,심화전공
전공실기1,정이령,현대실용음악학과,핵심전공
세포학,강창수,바이오생명공학과,핵심전공
일반화학실험 1,홍사미,청정융합에너지공학과,핵심전공
프로그램개발과 평가,박주희,사회복지학과,심화전공
동시대 조각의 현장 1,노주환,조소과,핵심전공
민주정치와 시민교육,서현진,사회교육과,심화전공
중급회계 1,이중세,경영학과,핵심전공
테니스 1,김현경,스포츠레저학과,핵심전공
전공실기 7,이인식,작곡과,심화전공
마음을읽어주는미술치료,미정,학사운영팀,일반교양
사회복지실천기술론,박현용,사회복지학과,심화전공
성인간호학 6,김애리,간호학과,심화전공
사례로 보는 리더십,김오현,교양학부,핵심교양
무용지도법 1,김길용,무용예술학과,심화전공
국제환경 및 에너지 규제,양인목,청정융합에너지공학과,심화전공
기초메이크업,이유나,뷰티산업학과,핵심전공
패션니트,유화숙,의류산업학과,핵심전공
디지털 조형 1,오원영,조소과,심화전공
동아시아정치경제론,이유정,정치외교학과,심화전공
시사중국어,이정인,중국어문·문화학과,심화전공
피아노 및 관현악 교수법 1,김유정,기악과,심화전공
전공실기 1,김지현,작곡과,핵심전공
보험법·운송법,박한성,법학과,심화전공
전쟁사,윤종성,교양학부,핵심교양
식품학,표영희,식품영양학과,핵심전공
생애 주기별 건강과 복지,고선강,교양학부,핵심교양
인체표현,김정연,미술대학,핵심전공
전공이론 및 악기(B) 5,최고은,작곡과,심화전공
열역학,김정수,청정융합에너지공학과,핵심전공
미적분과 벡터해석 기초,심성아,수학과,핵심전공
문화와 사회,조대훈,사회교육과,핵심전공
한국회화사,이보연,동양화과,핵심전공
현대동양화 1,권기범,동양화과,핵심전공
비판적 사고와 토론,기유정,교양학부,공통교양
미문학개론,정혜연,영어영문학과,핵심전공
무용워크샵트레이닝 1,김미숙,무용예술학과,핵심전공
클릭. 생활 속의 현대미술,구진경,교양학부,핵심교양
전공실기 7,성해린,기악과,심화전공
한글이 걸어온 길,박부자,국어국문학과,심화전공
헌법 1,정연주,법학과,핵심전공
장애인복지론,이승기,사회복지학과,심화전공
전공실기 7,유수미,현대실용음악학과,심화전공
소비자복지와 웰빙산업,박혜영,소비자생활문화산업학과,핵심전공
기초연기실습 1,신동길,미디어영상연기학과,핵심전공
패션소재의 이해,김미경,의류산업학과,핵심전공
공통 드라마 영어,앤드리아 톨레프슨,교양학부,공통교양
사물 인터넷과 미래사회,장현미,교양학부,핵심교양
전공실기 7,이영철,무용예술학과,심화전공
피아노앙상블 2,김성희,기악과,심화전공
미적분과 벡터해석 기초,황정연,수학과,공통교양
전공실기 3,이정은,성악과,핵심전공
자유창작 1,노주환,조소과,심화전공
공통 독일어,함경희,교양학부,공통교양
20세기음악 1,임현경,작곡과,심화전공
창조적 사고와 글쓰기,김난경,교양학부,공통교양
공연시장의 이해,김종헌,문화예술경영학과,심화전공
전공실기 1,김범진,성악과,핵심전공
체형관리에스테틱 ,임우경,뷰티산업학과,핵심전공
타임베이스 그래픽,이재경,산업디자인과,핵심전공
생물공학기초계산,백영빈,바이오생명공학과,핵심전공
영화 제작실습 1,박은형,미디어영상연기학과,핵심전공
초급 중국어,리우 나,교양학부,진로소양
레저론,임우택,스포츠레저학과,핵심전공
학내연주 3,오윤주,기악과,핵심전공
중급일본어연습 1,김원기,일본어문·문화학과,핵심전공
문화유산의 이해,강호선,사학과,핵심전공
건반화성 1,현영경,기악과,핵심전공
의학유전학,강창수,바이오생명공학과,심화전공
텍스타일디자인기획 1,박좌용,공예과,심화전공
공통 영어 스피치와 프레젠테이션 Ⅰ,앤드리아 톨레프슨,교양학부,공통교양
문화예술 교육 개론,임성훈,교양학부,진로소양
통합금속공예실기 1,신혜정,공예과,핵심전공
취업 실전 전략,이정은,인재개발팀,진로소양
전공실기1,유수미,현대실용음악학과,핵심전공
획과 여백 1,권기범,미술대학,핵심전공
전공실기 3,김정범,현대실용음악학과,핵심전공
정보보호제품보안성평가기준설계,김경진,융합보안공학과,심화전공
외국어 논리 및 논술(서양권),정지영,영어영문학과,심화전공
외국어 논리 및 논술(동양권),신준호,중국어문·문화학과,심화전공
미용학개론,한지수,뷰티산업학과,핵심전공
미술사와 창작,박관택,미술대학,핵심전공
공통 서구 문화의 이해,니노슬라브 란제로빅,교양학부,공통교양
전공실기1,김승범,현대실용음악학과,핵심전공
설화와 스토리텔링,심치열,국어국문학과,핵심전공
융합무용기초,김길용,융합문화예술대학,핵심전공
데이터 사이언스 1,심선영,경영학과,심화전공
대체요법,박성영,스포츠레저학과,심화전공
전공실기 7,김주현,현대실용음악학과,심화전공
획과 여백 1,노신경,미술대학,핵심전공
경제수학입문,김형진,경제학과,핵심전공
전공이론 및 악기(B) 5,김명선,작곡과,심화전공
창업경영연구,차용욱,글로벌비즈니스학과,심화전공
유기화학 1,정선호,화학과,핵심전공
전공실기1,이상원,현대실용음악학과,핵심전공
융합보안캡스톤디자인 1,김경진,융합보안공학과,심화전공
영화 제작실습 1,권호영,미디어영상연기학과,핵심전공
초급중국어 1,박홍준,중국어문·문화학과,핵심전공
공통 실용적 영어 글쓰기 Ⅲ,버논에드워드마이어,교양학부,공통교양
서구 뮤지컬 공연의 이해,전연희,교양학부,핵심교양
섬유소재분석론,박유리,공예과,핵심전공
글로벌 커뮤니케이션 I,이윤경,글로벌비즈니스학과,핵심전공
패션창업과 마케팅 1,박은주,의류산업학과,심화전공
위상수학 1,윤기헌,수학과,심화전공
동양정치사상,최민자,정치외교학과,심화전공
전공실기 5,정수연,성악과,심화전공
대학생을 위한 경제교육과 실용금융,이수한,교양학부,진로소양
주역으로 풀어보는 법과 삶,문기탁,교양학부,핵심교양
전공실기 3,김창호,기악과,핵심전공
실내악 3,홍수연,기악과,심화전공
인체생리학,천주영,교양학부,핵심교양
합주 7,김광현,기악과,심화전공
중급 공간디자인실습 1,홍승석,산업디자인과,심화전공
모션그래픽 워크샵 1,이명숙,산업디자인과,심화전공
통계시뮬레이션,박만식,통계학과,심화전공
전공실기 5,강석진,기악과,심화전공
계량경제학,강석훈,경제학과,심화전공
전공실기 3,강석진,기악과,핵심전공
여성건강간호학 2,전나미,간호학과,심화전공
비교정치 세미나,서현진,사회교육과,심화전공
창작스튜디오1,권기범,동양화과,심화전공
전공이론 및 악기(B) 7,채경주,작곡과,심화전공
드레이핑,김미영,의류산업학과,핵심전공
합창 5,김범진,성악과,심화전공
전공실기 3,신기남,현대실용음악학과,핵심전공
주거 문화의 이해,김진영,교양학부,핵심교양
공통 영어 스피치와 프레젠테이션 Ⅱ,제이미 잭슨,교양학부,공통교양
중국정치외교론,연상모,정치외교학과,핵심전공
라이프스타일과 생활문화산업,김선주,소비자생활문화산업학과,심화전공
윤리학개론,권수현,윤리교육과,핵심전공
지역사회간호학 2,조정민,간호학과,심화전공
중국문자문화의 이해,김은희,중국어문·문화학과,핵심전공
사회복지개론,이승기,사회복지학과,핵심전공
중국문화의 이해,김은희,중국어문·문화학과,핵심전공
국문학의 이해,심치열,국어국문학과,핵심전공
소비자상담과 피해구제,권용덕,소비자생활문화산업학과,심화전공
전공실기 3,김우중,기악과,핵심전공
예술 비즈니스 창업론,김정섭,창업교육팀,진로소양
초급프랑스어 1,홍용철,프랑스어문·문화학과,핵심전공
전공실기 3,이지민,현대실용음악학과,핵심전공
설득의 과학,소현진,교양학부,핵심교양
자기이해 및 유아교육 진로탐색,김고은,유아교육과,핵심전공
스페인 문화와 예술,미정,학사운영팀,일반교양
지식사회와 정보보호법,김대근,지식산업법학과,심화전공
예비 부모 교육,김선주,교양학부,진로소양
전공이론 및 악기(B) 3,최고은,작곡과,핵심전공
형사소송법 1,김나경,법학과,심화전공
보험통계학,차재형,통계학과,핵심전공
아동간호학 2,김동희,간호학과,심화전공
공통 일본어,이지사,교양학부,공통교양
교육연구방법,강태훈,교육학과,핵심전공
전통무용,성재형,교양학부,진로소양
실내악 1,황소진,기악과,핵심전공
근대영국소설,정이화,영어영문학과,핵심전공
세라믹프로덕트 디자인 1,정소영,공예과,심화전공
디지털회로개론,김준철,정보시스템공학과,핵심전공
비즈니스 프랑스어,토마 기데,프랑스어문·문화학과,심화전공
3D디지털모델링 1,이기욱,공예과,핵심전공
헬스와 운동 재활,김영주,교양학부,핵심교양
정보디자인 1,손우성,산업디자인과,심화전공
상업 교과교육론,박노윤,경영학과,심화전공
전공실기 1,임경원,기악과,핵심전공
건반화성 1,전예은,작곡과,핵심전공
디자인실무와 커뮤니케이션,장기윤,산업디자인과,심화전공
전공실기1,이지민,현대실용음악학과,핵심전공
Effective English Speech,존 다니엘 맥카시,교양학부,공통교양
전공실기 3,황대남,기악과,핵심전공
합주실기 1,신기남,현대실용음악학과,핵심전공
전공실기 3,신형찬,현대실용음악학과,핵심전공
탁구,최승욱,교양학부,진로소양
일반물리실험,조명원,청정융합에너지공학과,핵심전공
사회보장법,권오성,지식산업법학과,심화전공
캠브리지 영어: FCE,제이미 잭슨,교양학부,공통교양
낭만화성,전민재,기악과,핵심전공
고전해석방법론,김여주,한문교육과,핵심전공
전공실기 3,김지현,작곡과,핵심전공
자기이해 및 윤리교육 진로탐색,권수현,윤리교육과,핵심전공
전공실기 3,이효연,무용예술학과,핵심전공
창작연주 1,이인식,작곡과,핵심전공
전공실기 3,이세영,기악과,핵심전공
스포츠통계,김영진,스포츠레저학과,심화전공
창조적 사고와 글쓰기,박민영,교양학부,공통교양
전공이론 및 악기(B) 3,채경주,작곡과,핵심전공
전공실기 3,이창원,현대실용음악학과,핵심전공
공통 세계 단편 소설,메스 닐슨,교양학부,공통교양
독일어권 문화와 사회,김길웅,독일어문·문화학과,핵심전공
한중고사원문선독,김용재,한문교육과,심화전공
의약화학 1,이지연,글로벌의과학과,심화전공
금융사회와 수학,김주홍,수학과,심화전공
논리학,권수현,윤리교육과,핵심전공
국제정치사,심세현,정치외교학과,핵심전공
심리학개론,윤황,심리학과,핵심전공
전공실기 5,임채광,현대실용음악학과,심화전공
한・중 문화와 컨텐츠,강선화,국제교류지원팀,진로소양
합주 1,이종진,기악과,핵심전공
전공실기 1,이재완,기악과,핵심전공
조합 및 그래프 이론,윤기헌,수학과,핵심전공
신체심리재활 인턴십,이정희,운동재활복지학과,심화전공
금융기관론,이현석,경영학과,심화전공
창업 아이디어 발상 및 실습,신동원,창업교육팀,진로소양
생물다양성정보 및 분류,김상태,바이오생명공학과,핵심전공
무기 체계론,조현행,교양학부,핵심교양
전공실기 1,윤규일,작곡과,핵심전공
명문장 이해와 실용연습,김미라,중국어문·문화학과,심화전공
동아시아 학문학사의 이해,황아영,한문교육과,심화전공
형상표현1,김성복,조소과,심화전공
물리화학특강,이철우,화학과,심화전공
비즈니스와 생활예절,김선주,교양학부,진로소양
텍스타일소재개발 1,이주연,공예과,핵심전공
기초 통계학,김형우,통계학과,공통교양
근현대윤리이론,권수현,윤리교육과,심화전공
동남아정치론,윤진표,정치외교학과,심화전공
통합도자공예실기 1,박태성,공예과,핵심전공
4차 산업혁명과 경영혁신,심선영,교양학부,핵심교양
공예와문화 1,김시만,공예과,핵심전공
현대조각 1,장욱희,조소과,심화전공
금융과 금융교육,박형준,사회교육과,핵심전공
경제학방법론,진양수,경제학과,핵심전공
창조적 사고와 글쓰기,박상란,교양학부,공통교양
가정생활문화,박현명,소비자생활문화산업학과,핵심전공
국민경제와 경제교육,박형준,사회교육과,핵심전공
전공실기 3,김주현,현대실용음악학과,핵심전공
공간연출디자인스튜디오 1,이소영,산업디자인과,심화전공
기업현장과 창의성,유은아,심리학과,심화전공
수학 논리 및 논술,정해남,수학과,심화전공
전공실기 3,임현경,작곡과,핵심전공
미생물학실험,윤진호,바이오생명공학과,심화전공
현대 미술 산책,이혜진,교양학부,핵심교양
현대회화 3(복합매체),조병왕,서양화과,심화전공
산업경제학,진양수,경제학과,심화전공
아시아의 미디어문화,정수경,미디어커뮤니케이션학과,심화전공
영어통사론,정소우,영어영문학과,심화전공
학교폭력 예방 및 학생의 이해,이은지,교육학과,교직
서양음악사및문헌 3,신인선,작곡과,핵심전공
전공실기 7,홍수연,기악과,심화전공
프랑스 문화와 예술,김혜중,교양학부,핵심교양
서양음악사및문헌 1,이가영,작곡과,핵심전공
교육실습(전문상담),미정,심리학과,교직
모션그래픽스스튜디오 1,이명숙,산업디자인과,심화전공
성악 세미나 3,박지현,성악과,핵심전공
전공실기 1,황대남,기악과,핵심전공
학습동기와 정서,조윤정,교육학과,핵심전공
세법 1,하봉곤,지식산업법학과,심화전공
전공실기 5,정재원,기악과,심화전공
창조적 사고와 글쓰기,탁원정,교양학부,공통교양
현대조각의 흐름,이상윤,조소과,심화전공
재현적표현 1,김지은,서양화과,핵심전공
전공실기 5,김성희,기악과,심화전공
문학교육론,강혜선,국어국문학과,핵심전공
물리화학 3,이철우,화학과,심화전공
경제학특강,강석훈,경제학과,심화전공
일본어 기초표현 1,안평호,일본어문·문화학과,핵심전공
전공실기 5,김상애,기악과,심화전공
소비자유통과 창업,양수진,소비자생활문화산업학과,심화전공
디지털컨텐츠,안민지,지식서비스공과대학,핵심전공
전공실기1,우미진,현대실용음악학과,핵심전공
지역사회간호학실습1,조정민,간호학과,심화전공
인터넷 쇼핑몰 구축과 창업,조재만,창업교육팀,진로소양
게임이론,김형진,경제학과,핵심전공
뇌 과학의 이해,김시현,교양학부,핵심교양
정보설계와 시각화,황상현,서비스·디자인공학과,핵심전공
전자음악 및 실습 1,김효주,기악과,심화전공
바이오식품안전법규,현정은,바이오식품공학과,심화전공
다변량자료분석 I,김영훈,통계학과,심화전공
TED로배우는영화속바이오테크놀로지,미정,학사운영팀,일반교양
공통 중국어,강선화,교양학부,공통교양
정신간호학 2,정명실,간호학과,심화전공
한국 사회의 이해,최수진,국제교류지원팀,진로소양
건강가정론,고선강,사회복지학과,심화전공
여성과 경제,성효용,경제학과,핵심전공
지도학,정재준,지리학과,핵심전공
미국 소수민족 문학,전연희,교양학부,핵심교양
전공실기 3,유수미,현대실용음악학과,핵심전공
경영 및 회계정보 분석,심선영,경영학과,핵심전공
전공실기 5,박준서,기악과,심화전공
Global Communication through Food. Travel & Culture,로난 맥알리스터,교양학부,공통교양
옛노래의 세계 ,강혜선,국어국문학과,심화전공
일본어 기초표현 1,박일호,일본어문·문화학과,핵심전공
특수교육학개론,권소영,교육학과,교직
일본어 교과교육론,안평호,일본어문·문화학과,심화전공
전공실기 1,이재준,기악과,핵심전공
도시지리학,이자원,지리학과,핵심전공
문학과 시대 읽기,김길웅,교양학부,핵심교양
피아노문헌 1,임지연,기악과,심화전공
파이썬프로그래밍,이정빈,지식서비스공과대학,공통교양
바이오식품가공학 및 공학 실험,김웅희,바이오식품공학과,심화전공
채색화기초1,이만수,동양화과,핵심전공
마케팅원론,변경희,경영학과,핵심전공
조리원리,이경연,식품영양학과,핵심전공
음악교육론,이보림,작곡과,심화전공
컴퓨터시스템관리,장윤재,컴퓨터공학과,핵심전공
전략 커뮤니케이션 개론,최진호,미디어커뮤니케이션학과,핵심전공
교육사회,서승연,교육학과,교직
행정구제법,김나현,법학과,심화전공
특수범죄와 형벌,이명근,지식산업법학과,심화전공
일반화학 Ⅰ,김정수,화학과,핵심교양
간호관리학,고정미,간호학과,심화전공
사회과학방법론,전자배,사회교육과,심화전공
생물학실험 1,송재민,글로벌의과학과,핵심전공
전공실기 3,허상미,기악과,핵심전공
전공실기 7,임현수,기악과,심화전공
일반화학 Ⅰ,심용호,화학과,핵심교양
바이오식품미생물공학,현정은,바이오식품공학과,핵심전공
서양복식문화,은광희,의류산업학과,핵심전공
생물공정공학,백영빈,바이오생명공학과,심화전공
사회적서비스디자인,서인경,서비스·디자인공학과,심화전공
전공실기 3,안미현,기악과,핵심전공
타임베이스 그래픽,김혜경,산업디자인과,핵심전공
패션디자인CAD 2,김선영,의류산업학과,심화전공
전공실기 3,윤규일,작곡과,핵심전공
영양교육 및 상담실습,이승민,식품영양학과,심화전공
현대회화 3(구상),김정연,서양화과,심화전공
경제원론 1,박기주,경제학과,핵심전공
악성코드분석실습,이별,융합보안공학과,심화전공
학교폭력 예방 및 학생의 이해,이유림,교육학과,교직
인간행동과 사회환경,박주희,사회복지학과,핵심전공
전공실기 1,정재원,기악과,핵심전공
음악분석 1,김한아,현대실용음악학과,핵심전공
현대시 산책,박민영,교양학부,핵심교양
학습과 기억,박형생,심리학과,핵심전공
유기화학,윤현근,바이오식품공학과,핵심전공
공통 실용적 영어 글쓰기 Ⅱ,니노슬라브 란제로빅,교양학부,공통교양
라이프스타일마케팅과 한국문화,정이재,의류산업학과,핵심전공
국제법총론,권현호,법학과,심화전공
전공실기 7,정수연,성악과,심화전공
우주로의 여행,이길우,교양학부,핵심교양
영작문 1,가이 프레이저 페티퍼,글로벌의과학과,심화전공
글로벌 비즈니스의 이해,구자원,글로벌비즈니스학과,핵심전공
전공실기 7,조진옥,작곡과,심화전공
전공실기 5,윤혜린,현대실용음악학과,심화전공
교육실습,미정,학사운영팀,교직
디지털 조형 1,김준기,조소과,심화전공
유아언어교육,이문옥,유아교육과,핵심전공
한국 현대사와 대통령,윤종성,교양학부,핵심교양
외국인을 위한 글쓰기,강선화,국제교류지원팀,진로소양
스마트시스템 프로그래밍,김준철,정보시스템공학과,핵심전공
조선시대의 역사와 문화,전세영,사학과,핵심전공
프로그래밍과 문제해결,김의찬,교양학부,공통교양
미적분학 I,황정연,교양학부,핵심교양
초급중국어 회화 1,김미라,중국어문·문화학과,핵심전공
건강사정,임경춘,간호학과,핵심전공
전공실기 7,정재원,기악과,심화전공
융합매체1,신년식,동양화과,심화전공
기초헤어스타일링,이정림,뷰티산업학과,핵심전공
전공실기 3,임채광,현대실용음악학과,핵심전공
특수소재와 봉제,김금화,의류산업학과,심화전공
물리학 1,조명원,글로벌의과학과,핵심전공
교육학 교과교육론,김명랑,교육학과,심화전공
전공실기 1,윤유진,기악과,핵심전공
레코딩실습 3,정채웅,현대실용음악학과,심화전공
금속리빙디자인 3,김종승,공예과,심화전공
서양복식문화,김금화,의류산업학과,핵심전공
전공실기 7,김성희,기악과,심화전공
비판적 사고와 토론,이혜진,교양학부,공통교양
공통 영어 스피치와 프레젠테이션 Ⅰ,마타 라카누이,교양학부,공통교양
클래스인스트루먼트 1,MOON JAMES JAE WON,기악과,심화전공
전공실기 1,이응우,기악과,핵심전공
전공실기 7,피호영,기악과,심화전공
미국 드라마 스토리텔링,마이클 엘리어트,영어영문학과,심화전공
간호학개론,조무용,간호학과,핵심전공
기초 디자인,지문규,교양학부,핵심교양
융합공학세미나,양인목,청정융합에너지공학과,심화전공
자기이해 및 한문교육 진로 탐색,김용재,한문교육과,핵심전공
창조적 사고와 글쓰기,이선형,교양학부,공통교양
전공실기 5,구태은,기악과,심화전공
창작스튜디오1,노신경,동양화과,심화전공
병태생리학,김영주,운동재활복지학과,심화전공
화장품 성분학,박초희,뷰티산업학과,심화전공
비교정치론,고우정,정치외교학과,핵심전공
전공실기 5,김창호,기악과,심화전공
합주 5,김광현,기악과,심화전공
체력측정법,백승희,스포츠레저학과,핵심전공
학내연주 1,임경원,기악과,핵심전공
스포츠재활심리학,육영숙,운동재활복지학과,핵심전공
최근 역사 쟁점과 논쟁,나종현,사학과,심화전공
경제학 개론,성효용,교양학부,핵심교양
미디어연구 원서 강독,정수경,미디어커뮤니케이션학과,심화전공
여성사의 이해,오경환,사학과,심화전공
성과일상,미정,학사운영팀,일반교양
전공실기 3,박경희,성악과,핵심전공
파이썬프로그래밍,오장민,지식서비스공과대학,공통교양
현대동양화3,정성윤,동양화과,심화전공
전공실기 1,이동곤,기악과,핵심전공
유아교육개론,송나리,유아교육과,핵심전공
동북아공동체론,정진화,정치외교학과,심화전공
포토저널리즘,김호성,미디어커뮤니케이션학과,핵심전공
장애인스포츠지도사(보치아),이정준,운동재활복지학과,심화전공
전공실기 7,박경신,성악과,심화전공
전공실기 3,이화경,기악과,핵심전공
스포츠심리학,성용석,스포츠레저학과,심화전공
시창.청음 1,성혜진,성악과,핵심전공
일반화학실험 1,김정현,화학과,핵심전공
커뮤니케이션과 사회,이나연,미디어커뮤니케이션학과,핵심전공
창조적 사고와 글쓰기,이은우,교양학부,공통교양
Effective Academic English Writing,콜 헌트,교양학부,진로소양
형상조소1,권치규,조소과,핵심전공
레코딩실습 1,변준형,현대실용음악학과,심화전공
방송작가실기론,김영미,국어국문학과,심화전공
민주주의론,윤삼석,윤리교육과,핵심전공
움직임과 표현 1,유지연,무용예술학과,핵심전공
중급독일어1,김한란,독일어문·문화학과,핵심전공
한문 논리 및 논술,신영주,한문교육과,심화전공
American Culture and History,존 다니엘 맥카시,교양학부,핵심교양
교육사회,임현선,교육학과,교직
비판적 사고와 토론,서광열,교양학부,공통교양
최신통계방법론,최병정,통계학과,심화전공
문화예술 교육 현장의 이해와 실습,강향숙,교양학부,진로소양
서비스 지식재산권,복병준,서비스·디자인공학과,심화전공
청소년복지론,조윤주,사회복지학과,핵심전공
형법각론,이성기,법과대학,핵심전공
스포츠카운셀링,천성민,운동재활복지학과,심화전공
국어학의 이해,박부자,국어국문학과,핵심전공
주제로 읽는 명저 : 사회과학,정연주,교양학부,핵심교양
공통 영어 스피치와 프레젠테이션 Ⅰ,다릴 로스,교양학부,공통교양
현대대수학 3,신용수,수학과,심화전공
바이오식품가공학,한정우,바이오식품공학과,심화전공
인공지능,이재원,컴퓨터공학과,심화전공
문화예술감상과 이해,박혜성,문화예술경영학과,핵심전공
전공실기 7,어수희,기악과,심화전공
인간커뮤니케이션,노동열,미디어커뮤니케이션학과,핵심전공
교육철학,심형진,교육학과,핵심전공
일반생물학실험 1,강혜순,바이오생명공학과,핵심전공
소비자학,박혜영,소비자생활문화산업학과,핵심전공
전공실기 5,정순섭,기악과,심화전공
전공실기1,윤혜린,현대실용음악학과,핵심전공
예술적 글쓰기,김책,문화예술경영학과,핵심전공
Effective Written English,버논에드워드마이어,교양학부,공통교양
힐링이 있는 클래식 음악,강석순,교양학부,핵심교양
전공실기 3,임경은,현대실용음악학과,핵심전공
기업재무,정미화,경영학과,심화전공
현대드로잉 1,김정연,서양화과,핵심전공
미국소설,정혜연,영어영문학과,심화전공
의료사고. 법으로 이해하기,김나경,교양학부,핵심교양
환경과 지속가능성,양인목,청정융합에너지공학과,핵심전공
일본문학의 흐름 1,박일호,일본어문·문화학과,심화전공
국제경영학,신철호,경영학과,심화전공
Advanced Effective English Speech,로난 맥알리스터,교양학부,진로소양
기초독일어 1,김한란,독일어문·문화학과,핵심전공
전공실기 3,오윤주,기악과,핵심전공
기초조형1,김희진,동양화과,핵심전공
아시아의 미디어문화,모현주,미디어커뮤니케이션학과,심화전공
움직임과 표현 1,김미숙,무용예술학과,핵심전공
전공실기 1,조진옥,작곡과,핵심전공
전공실기 5,이준,현대실용음악학과,심화전공
초급일본어연습 1,네고로 유키,일본어문·문화학과,핵심전공
전공실기 3,정수연,성악과,핵심전공
전공실기 5,피호영,기악과,심화전공
전공실기 5,이세영,기악과,심화전공
전공실기1,신기남,현대실용음악학과,핵심전공
음악분석 1,김정범,현대실용음악학과,핵심전공
사회문제론,조윤주,사회복지학과,핵심전공
형식언어와 오토마타,조성우,컴퓨터공학과,핵심전공
임상영양학,이명숙,식품영양학과,심화전공
영어 통번역 입문,김장욱,교양학부,진로소양
전공실기 3,심영주,현대실용음악학과,핵심전공
공통 실용적 영어 글쓰기 Ⅰ,제이미 잭슨,교양학부,공통교양
음식과 문화 이야기,고성희,교양학부,핵심교양
피아노를 위한 대위법 1,전민재,기악과,핵심전공
일반생물학 1,권혜경,바이오생명공학과,핵심전공
획과 여백 1,강유림,미술대학,핵심전공
내러티브 졸업세미나 2,김준현,인문과학대학,심화전공
정치학개론,한의석,정치외교학과,핵심전공
교육실습(심화),미정,사범대학,교직
현대문학의 이해,김준현,국어국문학과,핵심전공
한국복식디자인 2,장민정,의류산업학과,핵심전공
생물다양성정보 및 분류실험,김상태,바이오생명공학과,핵심전공
화성법1,김설향,성악과,핵심전공
공동체 공유가치의 이해와 실천,김선주,교양학부,핵심교양
미술사 1,임성훈,조소과,핵심전공
스마트모바일 프로그래밍,조성우,정보시스템공학과,심화전공
생활 소품 디자인,박소영,교양학부,진로소양
전공이론 및 악기(A) 1,강용식,작곡과,핵심전공
현대 조직행동 이론,윤정우,교양학부,핵심교양
집단상담,조희경,심리학과,심화전공
창조적 사고와 글쓰기,이윤경,교양학부,공통교양
고급중국어 연습과 토론,리우 나,중국어문·문화학과,심화전공
전공실기 3,설수경,작곡과,핵심전공
융합화학,황안나,청정융합에너지공학과,핵심전공
일본의 이해,김정희,일본어문·문화학과,핵심전공
전공실기 3,이재준,기악과,핵심전공
통일한국의 미래,윤진표,사회과학대학,핵심교양
발생공학실험,차순영,바이오생명공학과,심화전공
비판적 사고와 토론,손성우,교양학부,공통교양
기초 영어 강독,김장욱,교양학부,진로소양
국제경제학,이창선,경제학과,심화전공
해석학개론 및 연습 1,심성아,수학과,핵심전공
중급중국어 1,윤지영,중국어문·문화학과,핵심전공
전공실기 1,민유경,기악과,핵심전공
현대 사회와 소외,김선주,교양학부,핵심교양
전공실기1,임채광,현대실용음악학과,핵심전공
한국 고대국가의 성립과 발전,김지희,사학과,핵심전공
공통 프랑스어,음두은,교양학부,공통교양
합창 1,김범진,성악과,핵심전공
무대분장,전연홍,뷰티산업학과,심화전공
전공실기 7,윤서우,기악과,심화전공
전공실기 1,강은경,작곡과,핵심전공
생활과 윤리 교과교육론,장유진,윤리교육과,심화전공
20세기피아노문헌,이준성,기악과,심화전공
공통 실용적 영어 글쓰기 Ⅰ,스티븐 파이겐바움,교양학부,공통교양
전공실기 1,일리야 라쉬코프스키,기악과,핵심전공
창조적 사고와 글쓰기,장영미,교양학부,공통교양
경영학원론,이석영,경영학과,핵심전공
클래스피아노 3,한방원,성악과,핵심전공
패션마케팅,정이재,의류산업학과,핵심전공
문화예술법,황태희,지식산업법학과,핵심전공
기초독일어 1,김륜옥,독일어문·문화학과,핵심전공
시각디자인 1,장선희,산업디자인과,핵심전공
단막극제작실습 1,김정훈,미디어영상연기학과,핵심전공
교직실무,김명랑,교육학과,교직
한독비교문학,김길웅,독일어문·문화학과,심화전공
탐색적 자료분석,김영훈,통계학과,핵심전공
교육평가,강태훈,교육학과,교직
뷰티마케팅 ,김지은,뷰티산업학과,심화전공
VR 콘텐츠디자인,김현석,서비스·디자인공학과,심화전공
인문 고전의 이해,박일호,인문과학대학,핵심전공
유아를 위한 세계시민교육,김고은,유아교육과,심화전공
창조적 사고와 글쓰기,구봉곤,교양학부,공통교양
유기화학특강,정찬성,화학과,심화전공
정치학방법론,박지영,정치외교학과,핵심전공
공간장식도자 1,박태성,공예과,심화전공
English through Film and Television,앤드리아 톨레프슨,교양학부,진로소양
중국의 사상과 문화,신준호,교양학부,핵심교양
윤리와 논술,문경호,윤리교육과,심화전공
기초조형1,노신경,동양화과,핵심전공
전공실기 3,권혜진,기악과,핵심전공
편집디자인,정희숙,산업디자인과,심화전공
영어학개론,윤태진,영어영문학과,핵심전공
국어 논리 및 논술,김혜련,국어국문학과,심화전공
테이블웨어디자인 1,이혜미,공예과,심화전공
임상여성학,미정,학사운영팀,일반교양
성악 인턴십 1,소수정,성악과,핵심전공
세계의 차 문화,김효주,교양학부,진로소양
인문지리학,이자원,지리학과,핵심전공
기술과 소비자,양수진,소비자생활문화산업학과,심화전공
수학적 문제해결 방법론,심성아,수학과,심화전공
짐볼과 밴드운동재활,정한영,운동재활복지학과,심화전공
지식과 담론의 역사,김민수,사학과,심화전공
범주형자료분석,조재범,통계학과,심화전공
전공실기 3,김범진,성악과,핵심전공
영양사현장실습,표영희,식품영양학과,심화전공
재미있고 알기 쉬운 창업이야기,지윤정,창업교육팀,진로소양
자료구조 ,변혜원,정보시스템공학과,핵심전공
응용메이크업,한지수,뷰티산업학과,핵심전공
다문화사회의 생명윤리,김혜수,윤리교육과,핵심전공
모바일서비스디자인,강효진,서비스·디자인공학과,핵심전공
도덕윤리 교과교육론,문경호,윤리교육과,심화전공
전공실기 7,박성진,기악과,심화전공
식품분석실험,김종훈,바이오식품공학과,핵심전공
전공실기 5,공영숙,성악과,심화전공
전공실기 5,이준성,기악과,심화전공
음악경영 1,서윤정,작곡과,심화전공
비즈니스 스피치,김선주,교양학부,진로소양
프로그래밍언어론,김도형,컴퓨터공학과,심화전공
환경 홍보의 의미와 미래,서경덕,교양학부,진로소양
미디어디자인프로젝트 1,박한진,산업디자인과,심화전공
프랑스 문화와 명작산책,이채영,프랑스어문·문화학과,핵심전공
전공실기 1,김성희,기악과,핵심전공
교육측정 및 검사,강태훈,교육학과,심화전공
다문화사회와 국제 비즈니스 매너,구자원,글로벌비즈니스학과,핵심전공
현악합주 3,피호영,기악과,핵심전공
입체와 공간,김민형,미술대학,핵심전공
현대판화 3,이지영,서양화과,심화전공
졸업프로젝트,김경희,의류산업학과,심화전공
영어의 기초 어휘와 표현,김장욱,교양학부,공통교양
전공이론 및 악기(B) 7,최고은,작곡과,심화전공
현악합주 5,피호영,기악과,심화전공
시사 영어 청취,김장욱,교양학부,공통교양
일본어학개론,안평호,일본어문·문화학과,심화전공
지식산업사회와 헌법의 기초 1,김효연,지식산업법학과,핵심전공
일본어 중급표현 1,정미령,일본어문·문화학과,핵심전공
기업프로모션연출실무,최배영,소비자생활문화산업학과,심화전공
재즈건반실습 1,김지은,작곡과,심화전공
빅데이터분석,윤상덕,서비스·디자인공학과,심화전공
경제법,황태희,법학과,심화전공
경영통계학,이성근,경영학과,핵심전공
텍스타일디자인프로세스 1,이재선,공예과,핵심전공
유치원 논리 및 논술,이윤영,유아교육과,심화전공
공통 실용적 영어 글쓰기 Ⅱ,다릴 로스,교양학부,공통교양
문화예술의 이해,김준현,인문과학대학,핵심전공
화성 및 이론 3(편곡),정영빈,기악과,핵심전공
사회복지현장실습,박현용,사회복지학과,심화전공
배드민턴 1,양윤권,스포츠레저학과,심화전공
전쟁사,공평원,교양학부,핵심교양
서양고전과 윤리,편상범,윤리교육과,심화전공
스페인어,전수진,교양학부,진로소양
공공역사와 미디어,강호선,사학과,핵심전공
창의성 공학설계와 창업(캡스톤디자인) 1,홍현선,청정융합에너지공학과,심화전공
비판적 사고와 토론,오윤정,교양학부,공통교양
소비자재무설계,노영래,소비자생활문화산업학과,핵심전공
암호응용 및 실습,박새롬,융합보안공학과,핵심전공
공통 영어 스피치와 프레젠테이션 Ⅰ,스티븐 파이겐바움,교양학부,공통교양
환경과 경제,박기주,경제학과,심화전공
안보학,윤해진,학생군사교육단,진로소양
생명공학창의설계 1,윤진호,바이오생명공학과,심화전공
XML개론,홍기형,정보시스템공학과,핵심전공
일본어 고급표현 1,김원기,일본어문·문화학과,심화전공
디자인씽킹스튜디오 1,최인환,산업디자인과,심화전공
필라테스 움직임 과학,전홍조,교양학부,진로소양
중국어작문,리우 나,중국어문·문화학과,심화전공
식품가공학 및 실험,윤현근,식품영양학과,심화전공
전공실기 7,김수호,작곡과,심화전공
독일어,김진숙,교양학부,진로소양
전공실기 3,정순섭,기악과,핵심전공
프랑스예술가곡,강신모,성악과,심화전공
문화 속 수학 읽기,정해남,교양학부,핵심교양
교육통계,김명연,교육학과,심화전공
생물 교과교육론,임완철,바이오생명공학과,심화전공
역사와 현실,김도민,교양학부,핵심교양
디지털보안특강,임연섭,융합보안공학과,심화전공
유기화학 1,이지연,글로벌의과학과,핵심전공
재료기법 1,조영철,조소과,심화전공
중국지역연구,안창진,지리학과,심화전공
반주법 1,한방원,기악과,심화전공
비판적 사고와 토론,류경동,교양학부,공통교양
소비자를 위한 생활법률,미정,학사운영팀,일반교양
시창.청음 1,김지현,기악과,핵심전공
영상연기 실습 1,손보민,미디어영상연기학과,핵심전공
전공실기 7,공영숙,성악과,심화전공
창조적 사고와 글쓰기,김나영,교양학부,공통교양
전공실기 1,김창호,기악과,핵심전공
웹프로그래밍기초,서유현,지식서비스공과대학,핵심전공
공통 일본어,김유진,교양학부,공통교양
전공실기 3,김성희,기악과,핵심전공
전공실기 7,유은서,기악과,심화전공
전시기획,정상희,문화예술경영학과,핵심전공
공연기획,김종헌,문화예술경영학과,핵심전공
전공이론 및 악기(B) 5,채경주,작곡과,심화전공
취업정보 분석 및 입사전략,강원준,인재개발팀,진로소양
Writing for the Modern World,마타 라카누이,교양학부,진로소양
실용한의학,미정,학사운영팀,일반교양
Eco-Politics,최민자,정치외교학과,핵심전공
유기분광학,정선호,화학과,심화전공
보건영양학,박미영,식품영양학과,심화전공
이태리어딕션,박지현,성악과,핵심전공
독일 텍스트 강독,김길웅,독일어문·문화학과,핵심전공
공통 영어 스피치와 프레젠테이션 Ⅱ,로난 맥알리스터,교양학부,공통교양
화성법 1,이아선,현대실용음악학과,핵심전공
초급중국어 회화 1,노은정,중국어문·문화학과,핵심전공
산업디자인개론,서인경,산업디자인과,핵심전공
프랑스 문학과 예술의 흐름 1,이채영,프랑스어문·문화학과,심화전공
도자장식기초 1,이지우,공예과,핵심전공
졸업프로젝트,오지혜,의류산업학과,심화전공
가족생활교육,박주희,사회복지학과,핵심전공
졸업프로젝트,이영주,의류산업학과,심화전공
기초법 입문,김나경,법학과,핵심전공
글로벌경제와 지역문제,채지민,지리학과,핵심전공
법학개론,박준영,법과대학,핵심전공
미용문화사,류현정,뷰티산업학과,핵심전공
호신술,양윤권,교양학부,진로소양
전공실기 1,이화경,기악과,핵심전공
컴퓨터음악 1,채준기,현대실용음악학과,핵심전공
컴퓨팅적 사고,진동욱,교양학부,공통교양
알기 쉬운 행정법 이야기,손성기,교양학부,핵심교양
전공실기 3,박준서,기악과,핵심전공
불교학 개론,임상희,윤리교육과,심화전공
언어의 표현과 이해 Ⅲ,강선화,국제교류지원팀,진로소양
자바프로그래밍,홍의석,정보시스템공학과,핵심전공
교육학의 이해,심형진,교육학과,핵심전공
미디어 아트 1,김민정,조소과,핵심전공
미디어로 배우는 일본 문화,조주희,교양학부,핵심교양
영상미학,노동열,미디어커뮤니케이션학과,핵심전공
경제원론 1,성효용,경제학과,핵심전공
학내연주 3,임경원,기악과,핵심전공
전공실기 5,성재형,무용예술학과,심화전공
스마트미디어,김호성,미디어커뮤니케이션학과,심화전공
피아노 및 관현악 교수법 1,김지현,기악과,심화전공
줄기세포공학,금동호,바이오생명공학과,심화전공
세계의 명화와 사상,임상빈,교양학부,핵심교양
대중예술사,박우성,융합문화예술대학,핵심전공
전공실기 7,이준성,기악과,심화전공
공통 영어 스피치와 프레젠테이션 Ⅰ,가이 프레이저 페티퍼,교양학부,공통교양
금속리빙디자인 1,김종승,공예과,심화전공
음악형식 1,조성수,현대실용음악학과,핵심전공
전공실기 1,김슬기,무용예술학과,핵심전공
공통 드라마 영어,스티븐 파이겐바움,교양학부,공통교양
전공이론 및 악기(B) 7,김선민,작곡과,심화전공
요가테라피1,김미숙,무용예술학과,심화전공
일반생물학실험 1,최상철,바이오생명공학과,핵심전공
영상연기 실습 1,권호영,미디어영상연기학과,핵심전공
경제수학입문,오철,경제학과,핵심전공
리빙디자인,이홍구,산업디자인과,핵심전공
전공실기 7,우미진,현대실용음악학과,심화전공
전공실기 1,이섬승,기악과,핵심전공
지휘법 1,김우중,기악과,심화전공
교육방법 및 교육공학,류은진,교육학과,교직
요가테라피1,임영희,무용예술학과,심화전공
발레 Point Work,이영철,무용예술학과,핵심전공
배우 화술 1,김혜진,미디어영상연기학과,핵심전공
일본 근현대문학과 내러티브,남휘정,일본어문·문화학과,심화전공
경영학원론,이정은,경영학과,핵심전공
전공실기 5,이재완,기악과,심화전공
교육과정,황순예,교육학과,교직
기초 회계의 이해,이석영,교양학부,핵심교양
영미명작읽기,정이화,영어영문학과,심화전공
중급일본어회화 1,다케우치 노리아키,일본어문·문화학과,핵심전공
공통 영어 스피치와 프레젠테이션 Ⅱ,마타 라카누이,교양학부,공통교양
스타일 메이크업,김희진,교양학부,진로소양
실용영어 스피치와 프리젠테이션,앨리슨 맥스웰,영어영문학과,핵심전공
비판적 사고와 토론,박신화,교양학부,공통교양
기후학,오정식,지리학과,심화전공
프랑스어 발음연습,토마 기데,프랑스어문·문화학과,핵심전공
클래스인스트루먼트 1,김진주,기악과,심화전공
중급프랑스어 회화 1,토마 기데,프랑스어문·문화학과,핵심전공
프로젝트개발 및 창업,박새롬,컴퓨터공학과,심화전공
회화적 사진,조병왕,서양화과,핵심전공
글로벌 시장 분석과 관리,이윤경,글로벌비즈니스학과,핵심전공
전공실기 1,구태은,기악과,핵심전공
영양생화학,이명숙,식품영양학과,핵심전공
인간과 사회,황경숙,사회교육과,핵심전공
전공실기 1,박경희,성악과,핵심전공
전공실기 7,김우중,기악과,심화전공
교육실습(보건),미정,간호학과,교직
R통계분석,박만식,통계학과,핵심전공
서예,이진선,한문교육과,핵심전공
국제 정세의 이해,김성용,교양학부,핵심교양
영미단편,앨리슨 맥스웰,영어영문학과,핵심전공
국가안보론,공평원,교양학부,핵심교양
융합산업보안조사절차기본이론,최연준,융합보안공학과,핵심전공
학내연주 5,임경원,기악과,심화전공
합주실기 1,정이령,현대실용음악학과,핵심전공
전공실기 1,어수희,기악과,핵심전공
메디컬 에스테틱,조선영,뷰티산업학과,심화전공
특수교육학개론,최은정,교육학과,교직
전공실기 7,윤규일,작곡과,심화전공
화폐금융론,최준용,경제학과,심화전공
전공실기 3,황소진,기악과,핵심전공
독일철학의이해,미정,학사운영팀,일반교양
중급일본어회화 1,네고로 유키,일본어문·문화학과,핵심전공
인문학과자기경영의만남,미정,학사운영팀,일반교양
생화학 1,나혜경,바이오식품공학과,핵심전공
서비스산업과 프로세스관리,최배영,소비자생활문화산업학과,핵심전공
전공실기 1,이지환,성악과,핵심전공
한국 사상 오딧세이,전수연,교양학부,핵심교양
창작연주 5,이인식,작곡과,심화전공
통계프로그래밍,김기영,통계학과,핵심전공
관현악을 위한 대위법 1,전민재,기악과,핵심전공
